Player,Entry,Player,Cty,M,Pts,Hld%,Brk%,A,Ace%,DF,DF%,1stIn,1st%,2nd%,SPW,BPFaced,BPSvd%,RPW,BPEarned,BPConv%,TPW,DR,Time
1,Jannik Sinner,ITA,7,1296,87.5%,39.2%,60,9.9%,18,3.0%,56.0%,79.9%,57.5%,70.0%,39,66.7%,46.1%,93,43.0%,57.3%,1.54,16:36
4,Alexander Zverev,GER,5,1157,90.2%,29.2%,76,13.8%,21,3.8%,65.5%,78.9%,51.6%,69.5%,38,76.3%,40.7%,62,41.9%,54.4%,1.33,14:57
12,Taylor Fritz,USA,7,1411,87.8%,23.7%,85,12.5%,26,3.8%,59.1%,79.6%,59.4%,71.3%,34,55.9%,37.9%,66,42.4%,54.0%,1.32,17:43
13,Ben Shelton,USA,3,656,90.7%,20.4%,48,15.2%,8,2.5%,67.3%,78.3%,57.3%,71.4%,24,79.2%,37.2%,28,39.3%,53.7%,1.30,8:01
6,Andrey Rublev,RUS,4,1001,85.7%,29.5%,76,16.2%,28,6.0%,57.4%,80.4%,52.0%,68.3%,43,74.4%,40.7%,63,36.5%,53.6%,1.28,12:08
25,Jack Draper,GBR,6,1004,91.1%,38.5%,54,10.2%,31,5.8%,52.6%,77.9%,53.6%,66.4%,39,82.1%,43.2%,61,49.2%,55.5%,1.28,12:17
3,Carlos Alcaraz,ESP,2,376,74.2%,28.1%,10,6.3%,5,3.1%,61.3%,71.4%,59.7%,66.9%,15,46.7%,42.1%,24,37.5%,52.7%,1.27,5:01
28,Alexei Popyrin,AUS,4,807,82.8%,34.8%,66,16.9%,27,6.9%,55.4%,81.5%,47.1%,66.2%,30,63.3%,42.9%,47,48.9%,54.2%,1.27,10:11
,All Main Draw Players,,127.0,,76.2%,23.8%,,8.4%,,5.4%,56.7%,72.1%,48.8%,62.0%,,59.9%,38.0%,,40.1%,50.0%,1.00,
10,Alex De Minaur,AUS,5,1090,82.1%,33.7%,37,7.2%,33,6.4%,47.5%,73.1%,56.8%,64.5%,43,65.1%,44.1%,63,46.0%,53.8%,1.24,13:39
8,Casper Ruud,NOR,4,919,81.9%,28.8%,35,7.8%,22,4.9%,62.7%,74.8%,52.4%,66.4%,34,61.8%,40.5%,48,43.8%,53.2%,1.21,11:36
5,Daniil Medvedev,RUS,5,976,79.2%,42.5%,45,9.2%,39,8.0%,55.2%,73.6%,47.7%,62.0%,43,65.1%,45.4%,69,44.9%,53.7%,1.20,11:25
9,Grigor Dimitrov,BUL,5,1018,84.0%,26.9%,62,11.9%,39,7.5%,55.0%,82.5%,46.6%,66.3%,39,66.7%,39.8%,48,43.8%,53.3%,1.18,12:17
20,Frances Tiafoe,USA,6,1453,86.4%,23.1%,56,7.9%,26,3.7%,55.4%,76.3%,56.6%,67.6%,44,63.6%,37.8%,70,38.6%,52.3%,1.16,18:19
2,Novak Djokovic,SRB,3,595,83.7%,32.6%,27,8.9%,32,10.6%,52.0%,73.9%,50.3%,62.6%,23,69.6%,43.0%,42,33.3%,52.9%,1.15,7:42
14,Tommy Paul,USA,4,848,82.5%,33.8%,25,5.7%,17,3.9%,61.2%,69.7%,52.1%,62.8%,42,73.8%,41.7%,48,45.8%,52.6%,1.12,10:25
Q,Bu Yunchaokete,CHN,1,171,57.1%,14.3%,11,12.0%,2,2.2%,50.0%,67.4%,32.6%,50.0%,9,33.3%,26.6%,3,66.7%,39.2%,0.53,2:14
16,Sebastian Korda,USA,2,355,74.1%,30.8%,9,5.2%,6,3.4%,57.5%,66.0%,54.1%,60.9%,18,61.1%,42.0%,21,38.1%,51.3%,1.07,4:18
7,Hubert Hurkacz,POL,2,437,78.1%,15.6%,33,16.7%,7,3.5%,55.1%,74.3%,50.6%,63.6%,14,50.0%,38.1%,16,31.3%,49.7%,1.05,5:18
30,Matteo Arnaldi,ITA,3,520,85.7%,31.0%,24,8.7%,18,6.5%,56.2%,79.4%,43.0%,63.4%,18,66.7%,38.5%,23,56.5%,51.7%,1.05,6:21
24,Arthur Fils,FRA,2,482,79.5%,23.1%,17,6.9%,5,2.0%,57.7%,72.5%,51.0%,63.4%,17,52.9%,38.1%,22,40.9%,51.0%,1.04,6:04
17,Ugo Humbert,FRA,2,411,83.3%,20.0%,31,15.1%,15,7.3%,57.1%,74.4%,55.7%,66.3%,15,60.0%,35.0%,22,31.8%,50.6%,1.04,5:18
WC,Dominic Thiem,AUT,1,154,61.5%,0.0%,2,2.2%,7,7.5%,46.2%,67.4%,44.0%,54.8%,11,54.5%,13.1%,1,0.0%,38.3%,0.29,1:50
18,Lorenzo Musetti,ITA,3,804,76.2%,21.0%,27,7.0%,20,5.2%,58.0%,69.8%,54.6%,63.4%,35,57.1%,37.7%,37,35.1%,50.1%,1.03,9:53
29,Francisco Cerundolo,ARG,2,531,81.0%,25.6%,14,5.2%,16,5.9%,55.7%,71.5%,53.3%,63.5%,22,63.6%,37.3%,18,61.1%,50.7%,1.02,6:30
31,Flavio Cobolli,ITA,3,686,78.8%,26.4%,21,6.0%,15,4.3%,48.7%,71.9%,50.6%,61.0%,33,66.7%,39.4%,31,45.2%,50.4%,1.01,8:18
23,Karen Khachanov,RUS,1,392,71.4%,28.6%,13,7.1%,7,3.8%,56.0%,64.1%,54.3%,59.8%,18,55.6%,38.9%,23,34.8%,48.7%,0.97,5:35
32,Jiri Lehecka,CZE,3,713,79.6%,17.9%,49,13.5%,25,6.9%,54.5%,73.2%,50.3%,62.8%,37,70.3%,34.9%,35,28.6%,49.1%,0.94,8:24
21,Sebastian Baez,ARG,2,361,75.0%,28.0%,6,3.1%,4,2.1%,71.2%,61.0%,50.9%,58.1%,26,76.9%,39.4%,20,35.0%,49.3%,0.94,4:29
26,Nicolas Jarry,CHI,1,232,78.9%,5.3%,13,11.0%,7,5.9%,60.2%,77.5%,48.9%,66.1%,16,75.0%,31.6%,5,20.0%,49.1%,0.93,2:56
27,Alexander Bublik,KAZ,1,295,76.0%,20.0%,22,14.6%,10,6.6%,53.6%,82.7%,41.4%,63.6%,15,60.0%,33.3%,11,45.5%,48.8%,0.92,3:34
11,Stefanos Tsitsipas,GRE,1,275,81.0%,13.6%,10,7.5%,6,4.5%,49.3%,71.2%,54.4%,62.7%,8,50.0%,32.6%,9,33.3%,47.3%,0.87,3:54
22,Alejandro Tabilo,CHI,1,216,60.0%,18.8%,9,7.7%,8,6.8%,50.4%,71.2%,37.9%,54.7%,19,68.4%,36.4%,7,42.9%,46.3%,0.80,2:21
19,Felix Auger Aliassime,CAN,1,164,53.8%,7.7%,7,9.0%,10,12.8%,52.6%,68.3%,37.8%,53.8%,16,62.5%,34.9%,2,50.0%,43.9%,0.76,2:03
LL,Maximilian Marterer,GER,1,232,66.7%,5.3%,7,6.0%,5,4.3%,63.2%,60.8%,48.8%,56.4%,16,62.5%,29.6%,7,14.3%,43.1%,0.68,2:53
15,Holger Rune,DEN,1,157,58.3%,0.0%,2,2.4%,5,6.0%,39.3%,69.7%,41.2%,52.4%,13,61.5%,23.3%,6,0.0%,38.9%,0.49,1:55
