Player,Hld%,Brk%,A,Ace%,DF,DF%,1stIn,1st%,2nd%,SPW,BPFaced,BPSvd%,RPW,BPEarned,BPConv%,TPW,DR,M
Adam Walton,0.0,0.0,11.0,0.0,4.0,0.0,0.0,0.0,0.0,0.0,5.0,0.0,0.0,13.0,0.0,0.0,1.02,1.0
Adrian Mannarino,0.0,0.0,14.285714285714286,0.0,7.714285714285714,0.0,0.0,0.0,0.0,0.0,21.642857142857142,0.0,0.0,19.285714285714285,0.0,0.0,0.9142857142857144,28.0
Adrian Menendez Maceiras,0.0,0.0,19.0,0.0,3.0,0.0,0.0,0.0,0.0,0.0,15.0,0.0,0.0,13.0,0.0,0.0,1.03,2.0
Adrian Ungur,0.0,0.0,3.0,0.0,7.0,0.0,0.0,0.0,0.0,0.0,11.0,0.0,0.0,4.0,0.0,0.0,0.625,2.0
Adrian Voinea,0.0,0.0,13.0,0.0,6.5,0.0,0.0,0.0,0.0,0.0,14.5,0.0,0.0,10.5,0.0,0.0,0.865,3.0
Agustin Calleri,0.0,0.0,22.375,0.0,10.25,0.0,0.0,0.0,0.0,0.0,18.125,0.0,0.0,18.75,0.0,0.0,1.0525,14.0
Aisam Ul Haq Qureshi,0.0,0.0,33.0,0.0,4.0,0.0,0.0,0.0,0.0,0.0,6.0,0.0,0.0,0.0,0.0,0.0,0.45,1.0
Albano Olivetti,0.0,0.0,18.0,0.0,8.0,0.0,0.0,0.0,0.0,0.0,13.0,0.0,0.0,1.0,0.0,0.0,0.57,1.0
Albert Costa,0.0,0.0,14.333333333333334,0.0,6.833333333333333,0.0,0.0,0.0,0.0,0.0,18.666666666666668,0.0,0.0,15.333333333333334,0.0,0.0,0.84,12.0
Albert Montanes,0.0,0.0,6.153846153846154,0.0,5.846153846153846,0.0,0.0,0.0,0.0,0.0,11.307692307692308,0.0,0.0,6.769230769230769,0.0,0.0,0.6153846153846154,17.0
Albert Portas,0.0,0.0,16.5,0.0,10.75,0.0,0.0,0.0,0.0,0.0,13.75,0.0,0.0,7.5,0.0,0.0,0.7175,6.0
Albert Ramos,0.0,0.0,7.0,0.0,6.5,0.0,0.0,0.0,0.0,0.0,17.071428571428573,0.0,0.0,12.142857142857142,0.0,0.0,0.8292857142857143,19.0
Alberto Martin,0.0,0.0,6.625,0.0,10.375,0.0,0.0,0.0,0.0,0.0,19.5,0.0,0.0,14.375,0.0,0.0,0.93875,12.0
Alejandro Davidovich Fokina,0.0,0.0,13.6,0.0,11.6,0.0,0.0,0.0,0.0,0.0,26.2,0.0,0.0,32.4,0.0,0.0,1.034,13.0
Alejandro Falla,0.0,0.0,8.166666666666666,0.0,8.5,0.0,0.0,0.0,0.0,0.0,17.666666666666668,0.0,0.0,16.5,0.0,0.0,0.8483333333333333,8.0
Alejandro Gonzalez,0.0,0.0,9.0,0.0,4.5,0.0,0.0,0.0,0.0,0.0,14.0,0.0,0.0,12.0,0.0,0.0,0.8400000000000001,3.0
Alejandro Tabilo,0.0,0.0,17.0,0.0,11.0,0.0,0.0,0.0,0.0,0.0,20.5,0.0,0.0,16.5,0.0,0.0,0.9400000000000001,3.0
Aleksandar Kovacevic,0.0,0.0,25.0,0.0,6.0,0.0,0.0,0.0,0.0,0.0,14.0,0.0,0.0,8.0,0.0,0.0,0.78,1.0
Aleksandar Vukic,0.0,0.0,10.0,0.0,5.0,0.0,0.0,0.0,0.0,0.0,10.5,0.0,0.0,3.0,0.0,0.0,0.73,2.0
Aleksandr Nedovyesov,0.0,0.0,11.0,0.0,4.5,0.0,0.0,0.0,0.0,0.0,8.0,0.0,0.0,16.0,0.0,0.0,0.8400000000000001,3.0
Alessandro Giannessi,0.0,0.0,8.0,0.0,11.0,0.0,0.0,0.0,0.0,0.0,16.0,0.0,0.0,20.5,0.0,0.0,0.925,3.0
Alessio Di Mauro,0.0,0.0,19.0,0.0,6.0,0.0,0.0,0.0,0.0,0.0,31.0,0.0,0.0,14.0,0.0,0.0,0.76,2.0
Alex Bogdanovic,0.0,0.0,13.0,0.0,7.0,0.0,0.0,0.0,0.0,0.0,15.0,0.0,0.0,7.0,0.0,0.0,0.8,1.0
Alex Bogomolov Jr,0.0,0.0,7.0,0.0,8.75,0.0,0.0,0.0,0.0,0.0,19.375,0.0,0.0,15.375,0.0,0.0,0.9,11.0
Alex Calatrava,0.0,0.0,14.0,0.0,6.5,0.0,0.0,0.0,0.0,0.0,12.0,0.0,0.0,14.0,0.0,0.0,0.85,3.0
Alex Corretja,0.0,0.0,15.6,0.0,8.4,0.0,0.0,0.0,0.0,0.0,15.6,0.0,0.0,21.8,0.0,0.0,0.9179999999999999,11.0
Alex De Minaur,0.0,0.0,18.0,0.0,16.125,0.0,0.0,0.0,0.0,0.0,26.75,0.0,0.0,36.125,0.0,0.0,1.10625,26.0
Alex Kim,0.0,0.0,1.6666666666666667,0.0,4.666666666666667,0.0,0.0,0.0,0.0,0.0,13.0,0.0,0.0,7.333333333333333,0.0,0.0,0.7200000000000001,3.0
Alex Kuznetsov,0.0,0.0,9.5,0.0,2.0,0.0,0.0,0.0,0.0,0.0,9.5,0.0,0.0,0.5,0.0,0.0,0.5349999999999999,2.0
Alex Michelsen,0.0,0.0,9.5,0.0,7.5,0.0,0.0,0.0,0.0,0.0,19.0,0.0,0.0,18.0,0.0,0.0,0.965,4.0
Alex Molcan,0.0,0.0,13.666666666666666,0.0,8.666666666666666,0.0,0.0,0.0,0.0,0.0,16.333333333333332,0.0,0.0,17.333333333333332,0.0,0.0,0.9133333333333334,5.0
Alexander Bublik,0.0,0.0,36.833333333333336,0.0,21.833333333333332,0.0,0.0,0.0,0.0,0.0,20.333333333333332,0.0,0.0,17.666666666666668,0.0,0.0,0.9049999999999999,10.0
Alexander Kudryavtsev,0.0,0.0,27.0,0.0,7.0,0.0,0.0,0.0,0.0,0.0,15.0,0.0,0.0,19.0,0.0,0.0,0.95,2.0
Alexander Peya,0.0,0.0,35.0,0.0,19.0,0.0,0.0,0.0,0.0,0.0,28.0,0.0,0.0,34.0,0.0,0.0,0.97,3.0
Alexander Popp,0.0,0.0,11.4,0.0,11.0,0.0,0.0,0.0,0.0,0.0,14.2,0.0,0.0,11.4,0.0,0.0,0.8640000000000001,7.0
Alexander Ritschard,0.0,0.0,10.0,0.0,5.0,0.0,0.0,0.0,0.0,0.0,8.0,0.0,0.0,12.0,0.0,0.0,0.91,1.0
Alexander Shevchenko,0.0,0.0,9.5,0.0,8.5,0.0,0.0,0.0,0.0,0.0,15.0,0.0,0.0,11.0,0.0,0.0,0.76,3.0
Alexander Waske,0.0,0.0,9.333333333333334,0.0,6.666666666666667,0.0,0.0,0.0,0.0,0.0,7.666666666666667,0.0,0.0,3.3333333333333335,0.0,0.0,0.6033333333333334,3.0
Alexander Zverev,0.0,0.0,55.44444444444444,0.0,24.77777777777778,0.0,0.0,0.0,0.0,0.0,29.22222222222222,0.0,0.0,48.0,0.0,0.0,1.1533333333333333,35.0
Alexandr Dolgopolov,0.0,0.0,19.428571428571427,0.0,12.142857142857142,0.0,0.0,0.0,0.0,0.0,21.142857142857142,0.0,0.0,24.142857142857142,0.0,0.0,0.9642857142857143,16.0
Alexandre Muller,0.0,0.0,11.0,0.0,4.5,0.0,0.0,0.0,0.0,0.0,19.0,0.0,0.0,4.0,0.0,0.0,0.685,3.0
Alexandre Simoni,0.0,0.0,19.0,0.0,5.0,0.0,0.0,0.0,0.0,0.0,8.0,0.0,0.0,6.0,0.0,0.0,0.87,1.0
Alexei Popyrin,0.0,0.0,36.2,0.0,19.4,0.0,0.0,0.0,0.0,0.0,26.4,0.0,0.0,28.6,0.0,0.0,1.014,13.0
Aljaz Bedene,0.0,0.0,19.875,0.0,9.625,0.0,0.0,0.0,0.0,0.0,17.125,0.0,0.0,12.0,0.0,0.0,0.8512500000000001,11.0
All Main Draw Players,0.0,0.0,0.0,0.0,0.0,0.0,0.0,0.0,0.0,0.0,0.0,0.0,0.0,0.0,0.0,0.0,1.0,3175.0
Alun Jones,0.0,0.0,6.0,0.0,7.0,0.0,0.0,0.0,0.0,0.0,15.0,0.0,0.0,9.0,0.0,0.0,0.84,1.0
Amer Delic,0.0,0.0,17.0,0.0,5.0,0.0,0.0,0.0,0.0,0.0,15.75,0.0,0.0,7.75,0.0,0.0,0.7050000000000001,5.0
Andre Agassi,0.0,0.0,43.42857142857143,0.0,16.428571428571427,0.0,0.0,0.0,0.0,0.0,36.142857142857146,0.0,0.0,55.714285714285715,0.0,0.0,1.217142857142857,35.0
Andre Sa,0.0,0.0,7.666666666666667,0.0,3.6666666666666665,0.0,0.0,0.0,0.0,0.0,17.333333333333332,0.0,0.0,16.666666666666668,0.0,0.0,0.93,5.0
Andrea Gaudenzi,0.0,0.0,10.0,0.0,14.666666666666666,0.0,0.0,0.0,0.0,0.0,18.333333333333332,0.0,0.0,12.333333333333334,0.0,0.0,0.8166666666666668,4.0
Andreas Beck,0.0,0.0,11.75,0.0,13.75,0.0,0.0,0.0,0.0,0.0,17.5,0.0,0.0,11.0,0.0,0.0,0.89,7.0
Andreas Haider Maurer,0.0,0.0,16.333333333333332,0.0,11.833333333333334,0.0,0.0,0.0,0.0,0.0,13.833333333333334,0.0,0.0,11.5,0.0,0.0,0.8433333333333334,8.0
Andreas Seppi,0.0,0.0,12.833333333333334,0.0,8.38888888888889,0.0,0.0,0.0,0.0,0.0,18.555555555555557,0.0,0.0,15.833333333333334,0.0,0.0,0.8766666666666666,30.0
Andreas Vinciguerra,0.0,0.0,7.0,0.0,6.25,0.0,0.0,0.0,0.0,0.0,16.25,0.0,0.0,10.0,0.0,0.0,0.85,5.0
Andrei Pavel,0.0,0.0,19.5,0.0,7.5,0.0,0.0,0.0,0.0,0.0,18.125,0.0,0.0,16.625,0.0,0.0,1.00625,16.0
Andrei Stoliarov,0.0,0.0,14.0,0.0,9.0,0.0,0.0,0.0,0.0,0.0,9.0,0.0,0.0,10.0,0.0,0.0,0.99,2.0
Andrej Martin,0.0,0.0,5.0,0.0,2.5,0.0,0.0,0.0,0.0,0.0,9.5,0.0,0.0,10.0,0.0,0.0,0.835,2.0
Andrew Ilie,0.0,0.0,10.0,0.0,10.5,0.0,0.0,0.0,0.0,0.0,19.5,0.0,0.0,15.0,0.0,0.0,0.85,3.0
Andrey Golubev,0.0,0.0,5.2,0.0,6.8,0.0,0.0,0.0,0.0,0.0,14.2,0.0,0.0,9.6,0.0,0.0,0.768,6.0
Andrey Kuznetsov,0.0,0.0,19.8,0.0,11.2,0.0,0.0,0.0,0.0,0.0,26.6,0.0,0.0,21.8,0.0,0.0,0.8800000000000001,10.0
Andrey Rublev,0.0,0.0,40.0,0.0,15.222222222222221,0.0,0.0,0.0,0.0,0.0,30.666666666666668,0.0,0.0,37.666666666666664,0.0,0.0,1.098888888888889,33.0
Andy Murray,0.0,0.0,35.23529411764706,0.0,15.235294117647058,0.0,0.0,0.0,0.0,0.0,31.764705882352942,0.0,0.0,48.94117647058823,0.0,0.0,1.1382352941176472,65.0
Andy Roddick,0.0,0.0,63.53846153846154,0.0,9.615384615384615,0.0,0.0,0.0,0.0,0.0,19.923076923076923,0.0,0.0,36.38461538461539,0.0,0.0,1.323076923076923,55.0
Antoine Hoang,0.0,0.0,7.0,0.0,13.0,0.0,0.0,0.0,0.0,0.0,15.5,0.0,0.0,12.0,0.0,0.0,0.87,3.0
Antony Dupuis,0.0,0.0,12.25,0.0,8.75,0.0,0.0,0.0,0.0,0.0,15.0,0.0,0.0,14.25,0.0,0.0,0.93,6.0
Arnaud Clement,0.0,0.0,19.4,0.0,12.9,0.0,0.0,0.0,0.0,0.0,25.5,0.0,0.0,31.7,0.0,0.0,0.968,27.0
Arnaud Di Pasquale,0.0,0.0,8.666666666666666,0.0,9.333333333333334,0.0,0.0,0.0,0.0,0.0,11.666666666666666,0.0,0.0,9.0,0.0,0.0,0.8566666666666668,4.0
Arthur Cazaux,0.0,0.0,11.5,0.0,3.0,0.0,0.0,0.0,0.0,0.0,10.5,0.0,0.0,7.5,0.0,0.0,0.9,3.0
Arthur Fils,0.0,0.0,26.0,0.0,8.5,0.0,0.0,0.0,0.0,0.0,21.5,0.0,0.0,21.0,0.0,0.0,1.0150000000000001,4.0
Arthur Rinderknech,0.0,0.0,34.0,0.0,9.25,0.0,0.0,0.0,0.0,0.0,20.25,0.0,0.0,24.0,0.0,0.0,0.95,9.0
Aslan Karatsev,0.0,0.0,16.333333333333332,0.0,18.666666666666668,0.0,0.0,0.0,0.0,0.0,26.666666666666668,0.0,0.0,27.333333333333332,0.0,0.0,1.0466666666666666,7.0
Attila Balazs,0.0,0.0,2.0,0.0,7.0,0.0,0.0,0.0,0.0,0.0,10.0,0.0,0.0,3.5,0.0,0.0,0.585,2.0
Attila Savolt,0.0,0.0,4.5,0.0,3.0,0.0,0.0,0.0,0.0,0.0,7.5,0.0,0.0,2.0,0.0,0.0,0.735,2.0
Augustin Gensse,0.0,0.0,4.0,0.0,3.0,0.0,0.0,0.0,0.0,0.0,14.0,0.0,0.0,4.0,0.0,0.0,0.51,1.0
Austin Krajicek,0.0,0.0,16.5,0.0,7.5,0.0,0.0,0.0,0.0,0.0,11.5,0.0,0.0,1.5,0.0,0.0,0.5800000000000001,3.0
Barry Cowan,0.0,0.0,12.0,0.0,3.0,0.0,0.0,0.0,0.0,0.0,10.0,0.0,0.0,4.0,0.0,0.0,0.56,1.0
Ben Shelton,0.0,0.0,50.333333333333336,0.0,16.333333333333332,0.0,0.0,0.0,0.0,0.0,23.333333333333332,0.0,0.0,26.666666666666668,0.0,0.0,1.0933333333333333,10.0
Benjamin Becker,0.0,0.0,15.0,0.0,9.222222222222221,0.0,0.0,0.0,0.0,0.0,15.222222222222221,0.0,0.0,11.88888888888889,0.0,0.0,0.7933333333333333,14.0
Benjamin Bonzi,0.0,0.0,28.0,0.0,14.5,0.0,0.0,0.0,0.0,0.0,19.5,0.0,0.0,27.5,0.0,0.0,1.0950000000000002,5.0
Benoit Paire,0.0,0.0,26.363636363636363,0.0,16.818181818181817,0.0,0.0,0.0,0.0,0.0,22.363636363636363,0.0,0.0,22.90909090909091,0.0,0.0,0.9390909090909091,21.0
Bernabe Zapata Miralles,0.0,0.0,7.666666666666667,0.0,3.3333333333333335,0.0,0.0,0.0,0.0,0.0,14.666666666666666,0.0,0.0,12.333333333333334,0.0,0.0,0.9333333333333332,5.0
Bernard Tomic,0.0,0.0,20.428571428571427,0.0,5.428571428571429,0.0,0.0,0.0,0.0,0.0,20.857142857142858,0.0,0.0,16.857142857142858,0.0,0.0,0.9042857142857142,13.0
Bjorn Fratangelo,0.0,0.0,6.5,0.0,5.25,0.0,0.0,0.0,0.0,0.0,13.5,0.0,0.0,11.75,0.0,0.0,0.7925,5.0
Bjorn Phau,0.0,0.0,8.875,0.0,7.375,0.0,0.0,0.0,0.0,0.0,15.875,0.0,0.0,10.0,0.0,0.0,0.81,12.0
Bjorn Rehnquist,0.0,0.0,3.0,0.0,8.0,0.0,0.0,0.0,0.0,0.0,19.0,0.0,0.0,7.0,0.0,0.0,0.62,1.0
Blaz Kavcic,0.0,0.0,7.75,0.0,8.75,0.0,0.0,0.0,0.0,0.0,15.0,0.0,0.0,21.0,0.0,0.0,0.9625,6.0
Blaz Rola,0.0,0.0,5.0,0.0,6.0,0.0,0.0,0.0,0.0,0.0,17.0,0.0,0.0,18.0,0.0,0.0,0.96,1.0
Bob Bryan,0.0,0.0,8.5,0.0,4.0,0.0,0.0,0.0,0.0,0.0,8.5,0.0,0.0,2.5,0.0,0.0,0.825,2.0
Bobby Reynolds,0.0,0.0,15.166666666666666,0.0,6.166666666666667,0.0,0.0,0.0,0.0,0.0,13.833333333333334,0.0,0.0,11.833333333333334,0.0,0.0,0.785,7.0
Bohdan Ulihrach,0.0,0.0,8.0,0.0,8.5,0.0,0.0,0.0,0.0,0.0,15.25,0.0,0.0,13.25,0.0,0.0,0.9650000000000001,5.0
Boris Pashanski,0.0,0.0,0.0,0.0,5.0,0.0,0.0,0.0,0.0,0.0,13.0,0.0,0.0,4.0,0.0,0.0,0.45,1.0
Borna Coric,0.0,0.0,17.0,0.0,6.4,0.0,0.0,0.0,0.0,0.0,16.9,0.0,0.0,19.3,0.0,0.0,1.1700000000000002,22.0
Borna Gojo,0.0,0.0,52.0,0.0,10.0,0.0,0.0,0.0,0.0,0.0,16.0,0.0,0.0,41.0,0.0,0.0,1.3,4.0
Botic Van De Zandschulp,0.0,0.0,27.25,0.0,20.5,0.0,0.0,0.0,0.0,0.0,28.25,0.0,0.0,32.5,0.0,0.0,1.0,12.0
Bradley Klahn,0.0,0.0,14.857142857142858,0.0,7.142857142857143,0.0,0.0,0.0,0.0,0.0,16.285714285714285,0.0,0.0,12.285714285714286,0.0,0.0,0.8671428571428572,10.0
Brandon Holt,0.0,0.0,21.0,0.0,6.0,0.0,0.0,0.0,0.0,0.0,26.0,0.0,0.0,25.0,0.0,0.0,1.04,2.0
Brandon Nakashima,0.0,0.0,23.8,0.0,6.4,0.0,0.0,0.0,0.0,0.0,19.8,0.0,0.0,18.2,0.0,0.0,1.0539999999999998,12.0
Brayden Schnur,0.0,0.0,6.0,0.0,3.0,0.0,0.0,0.0,0.0,0.0,14.0,0.0,0.0,1.0,0.0,0.0,0.54,1.0
Brendan Evans,0.0,0.0,8.5,0.0,2.0,0.0,0.0,0.0,0.0,0.0,8.5,0.0,0.0,5.5,0.0,0.0,0.685,2.0
Brian Baker,0.0,0.0,8.833333333333334,0.0,10.5,0.0,0.0,0.0,0.0,0.0,15.5,0.0,0.0,13.833333333333334,0.0,0.0,0.8633333333333333,8.0
Brian Dabul,0.0,0.0,0.0,0.0,3.0,0.0,0.0,0.0,0.0,0.0,19.0,0.0,0.0,1.0,0.0,0.0,0.57,1.0
Brian Vahaly,0.0,0.0,8.0,0.0,6.5,0.0,0.0,0.0,0.0,0.0,14.5,0.0,0.0,14.0,0.0,0.0,0.9199999999999999,2.0
Bruno Echagaray,0.0,0.0,4.0,0.0,3.0,0.0,0.0,0.0,0.0,0.0,13.0,0.0,0.0,3.0,0.0,0.0,0.51,1.0
Bu Yunchaokete,0.0,0.0,11.0,0.0,2.0,0.0,0.0,0.0,0.0,0.0,9.0,0.0,0.0,3.0,0.0,0.0,0.53,1.0
Byron Black,0.0,0.0,6.0,0.0,7.0,0.0,0.0,0.0,0.0,0.0,16.0,0.0,0.0,21.0,0.0,0.0,1.09,2.0
Cameron Norrie,0.0,0.0,18.285714285714285,0.0,10.0,0.0,0.0,0.0,0.0,0.0,24.714285714285715,0.0,0.0,25.285714285714285,0.0,0.0,0.9942857142857143,16.0
Camilo Ugo Carabelli,0.0,0.0,1.0,0.0,7.0,0.0,0.0,0.0,0.0,0.0,11.0,0.0,0.0,4.0,0.0,0.0,0.6,1.0
Carlos Alcaraz,0.0,0.0,23.5,0.0,13.75,0.0,0.0,0.0,0.0,0.0,40.75,0.0,0.0,64.75,0.0,0.0,1.22,20.0
Carlos Berlocq,0.0,0.0,5.222222222222222,0.0,5.444444444444445,0.0,0.0,0.0,0.0,0.0,14.11111111111111,0.0,0.0,10.0,0.0,0.0,0.7766666666666667,11.0
Carlos Moya,0.0,0.0,33.22222222222222,0.0,15.222222222222221,0.0,0.0,0.0,0.0,0.0,27.555555555555557,0.0,0.0,30.22222222222222,0.0,0.0,1.0822222222222222,28.0
Carlos Taberner,0.0,0.0,13.0,0.0,7.0,0.0,0.0,0.0,0.0,0.0,11.0,0.0,0.0,16.0,0.0,0.0,1.01,1.0
Carsten Ball,0.0,0.0,23.333333333333332,0.0,8.333333333333334,0.0,0.0,0.0,0.0,0.0,15.333333333333334,0.0,0.0,9.0,0.0,0.0,0.85,5.0
Casper Ruud,0.0,0.0,20.714285714285715,0.0,11.571428571428571,0.0,0.0,0.0,0.0,0.0,25.714285714285715,0.0,0.0,31.0,0.0,0.0,0.9400000000000001,20.0
Cecil Mamiit,0.0,0.0,0.0,0.0,2.0,0.0,0.0,0.0,0.0,0.0,13.0,0.0,0.0,6.0,0.0,0.0,0.68,1.0
Cedric Kauffmann,0.0,0.0,3.0,0.0,4.0,0.0,0.0,0.0,0.0,0.0,12.0,0.0,0.0,5.0,0.0,0.0,0.81,1.0
Cedric Pioline,0.0,0.0,15.0,0.0,13.0,0.0,0.0,0.0,0.0,0.0,20.0,0.0,0.0,19.5,0.0,0.0,0.855,4.0
Cedrik Marcel Stebe,0.0,0.0,11.666666666666666,0.0,11.0,0.0,0.0,0.0,0.0,0.0,20.333333333333332,0.0,0.0,23.666666666666668,0.0,0.0,1.0266666666666666,6.0
Cem Ilkel,0.0,0.0,11.0,0.0,4.0,0.0,0.0,0.0,0.0,0.0,17.0,0.0,0.0,4.0,0.0,0.0,0.51,1.0
Chase Buchanan,0.0,0.0,2.0,0.0,1.0,0.0,0.0,0.0,0.0,0.0,16.0,0.0,0.0,1.0,0.0,0.0,0.36,1.0
Chris Guccione,0.0,0.0,24.0,0.0,5.333333333333333,0.0,0.0,0.0,0.0,0.0,10.0,0.0,0.0,6.333333333333333,0.0,0.0,0.7666666666666666,4.0
Chris Woodruff,0.0,0.0,9.0,0.0,10.5,0.0,0.0,0.0,0.0,0.0,18.0,0.0,0.0,14.0,0.0,0.0,1.105,4.0
Christian Harrison,0.0,0.0,2.0,0.0,0.0,0.0,0.0,0.0,0.0,0.0,12.0,0.0,0.0,2.0,0.0,0.0,0.55,1.0
Christian Ruud,0.0,0.0,6.0,0.0,4.0,0.0,0.0,0.0,0.0,0.0,14.0,0.0,0.0,1.0,0.0,0.0,0.56,1.0
Christian Vinck,0.0,0.0,5.0,0.0,4.0,0.0,0.0,0.0,0.0,0.0,18.0,0.0,0.0,3.0,0.0,0.0,0.74,1.0
Christophe Rochus,0.0,0.0,3.3333333333333335,0.0,7.833333333333333,0.0,0.0,0.0,0.0,0.0,13.5,0.0,0.0,9.333333333333334,0.0,0.0,0.7799999999999999,7.0
Christopher Eubanks,0.0,0.0,21.5,0.0,8.833333333333334,0.0,0.0,0.0,0.0,0.0,14.0,0.0,0.0,6.833333333333333,0.0,0.0,0.8066666666666666,8.0
Christopher Oconnell,0.0,0.0,19.0,0.0,6.0,0.0,0.0,0.0,0.0,0.0,21.25,0.0,0.0,17.0,0.0,0.0,0.8674999999999999,8.0
Chun Hsin Tseng,0.0,0.0,5.0,0.0,13.0,0.0,0.0,0.0,0.0,0.0,12.0,0.0,0.0,8.0,0.0,0.0,0.92,1.0
Collin Altamirano,0.0,0.0,4.0,0.0,3.0,0.0,0.0,0.0,0.0,0.0,10.0,0.0,0.0,1.5,0.0,0.0,0.625,2.0
Conor Niland,0.0,0.0,1.0,0.0,2.0,0.0,0.0,0.0,0.0,0.0,6.0,0.0,0.0,0.0,0.0,0.0,0.27,1.0
Constant Lestienne,0.0,0.0,4.5,0.0,6.5,0.0,0.0,0.0,0.0,0.0,17.0,0.0,0.0,10.5,0.0,0.0,0.6699999999999999,2.0
Corentin Moutet,0.0,0.0,5.571428571428571,0.0,9.428571428571429,0.0,0.0,0.0,0.0,0.0,21.857142857142858,0.0,0.0,17.0,0.0,0.0,0.8557142857142858,13.0
Cristian Garin,0.0,0.0,16.5,0.0,10.75,0.0,0.0,0.0,0.0,0.0,24.75,0.0,0.0,20.5,0.0,0.0,0.935,8.0
Cristiano Caratti,0.0,0.0,4.0,0.0,5.0,0.0,0.0,0.0,0.0,0.0,8.0,0.0,0.0,6.0,0.0,0.0,0.8,1.0
Cyril Saulnier,0.0,0.0,21.4,0.0,6.0,0.0,0.0,0.0,0.0,0.0,13.2,0.0,0.0,12.4,0.0,0.0,0.95,8.0
Damir Dzumhur,0.0,0.0,4.571428571428571,0.0,8.285714285714286,0.0,0.0,0.0,0.0,0.0,19.571428571428573,0.0,0.0,19.714285714285715,0.0,0.0,0.9085714285714286,11.0
Danai Udomchoke,0.0,0.0,2.5,0.0,7.5,0.0,0.0,0.0,0.0,0.0,14.0,0.0,0.0,9.5,0.0,0.0,0.8200000000000001,2.0
Daniel Altmaier,0.0,0.0,9.666666666666666,0.0,6.333333333333333,0.0,0.0,0.0,0.0,0.0,22.666666666666668,0.0,0.0,14.0,0.0,0.0,0.85,4.0
Daniel Brands,0.0,0.0,15.25,0.0,10.5,0.0,0.0,0.0,0.0,0.0,16.0,0.0,0.0,6.5,0.0,0.0,0.8325,5.0
Daniel Elahi Galan,0.0,0.0,15.0,0.0,3.0,0.0,0.0,0.0,0.0,0.0,21.0,0.0,0.0,20.5,0.0,0.0,0.87,4.0
Daniel Elsner,0.0,0.0,5.0,0.0,12.0,0.0,0.0,0.0,0.0,0.0,15.0,0.0,0.0,14.0,0.0,0.0,0.8,1.0
Daniel Evans,0.0,0.0,17.5,0.0,16.625,0.0,0.0,0.0,0.0,0.0,30.5,0.0,0.0,34.0,0.0,0.0,1.07375,24.0
Daniel Gimeno Traver,0.0,0.0,8.714285714285714,0.0,5.714285714285714,0.0,0.0,0.0,0.0,0.0,12.142857142857142,0.0,0.0,9.0,0.0,0.0,0.8385714285714286,9.0
Daniel Koellerer,0.0,0.0,4.0,0.0,4.0,0.0,0.0,0.0,0.0,0.0,34.0,0.0,0.0,29.0,0.0,0.0,0.94,3.0
Daniel Nestor,0.0,0.0,21.0,0.0,9.0,0.0,0.0,0.0,0.0,0.0,9.0,0.0,0.0,12.0,0.0,0.0,0.93,2.0
Daniel Vacek,0.0,0.0,15.0,0.0,5.0,0.0,0.0,0.0,0.0,0.0,14.0,0.0,0.0,8.0,0.0,0.0,0.76,1.0
Daniele Bracciali,0.0,0.0,9.0,0.0,4.0,0.0,0.0,0.0,0.0,0.0,11.5,0.0,0.0,7.5,0.0,0.0,0.845,2.0
Daniil Medvedev,0.0,0.0,55.875,0.0,26.125,0.0,0.0,0.0,0.0,0.0,33.375,0.0,0.0,56.75,0.0,0.0,1.23875,40.0
Darian King,0.0,0.0,2.0,0.0,3.0,0.0,0.0,0.0,0.0,0.0,11.0,0.0,0.0,10.0,0.0,0.0,0.85,1.0
David Ferrer,0.0,0.0,14.9375,0.0,12.375,0.0,0.0,0.0,0.0,0.0,28.125,0.0,0.0,37.5,0.0,0.0,1.0625,49.0
David Goffin,0.0,0.0,19.833333333333332,0.0,14.5,0.0,0.0,0.0,0.0,0.0,24.5,0.0,0.0,29.583333333333332,0.0,0.0,1.0333333333333334,30.0
David Nalbandian,0.0,0.0,20.3,0.0,17.0,0.0,0.0,0.0,0.0,0.0,31.0,0.0,0.0,38.1,0.0,0.0,1.072,31.0
David Prinosil,0.0,0.0,6.0,0.0,12.0,0.0,0.0,0.0,0.0,0.0,13.5,0.0,0.0,6.0,0.0,0.0,0.77,2.0
David Sanchez,0.0,0.0,5.2,0.0,5.2,0.0,0.0,0.0,0.0,0.0,15.2,0.0,0.0,11.0,0.0,0.0,0.82,6.0
Davide Sanguinetti,0.0,0.0,14.857142857142858,0.0,5.857142857142857,0.0,0.0,0.0,0.0,0.0,18.571428571428573,0.0,0.0,16.714285714285715,0.0,0.0,0.8757142857142857,12.0
Denis Gremelmayr,0.0,0.0,16.0,0.0,7.0,0.0,0.0,0.0,0.0,0.0,7.0,0.0,0.0,7.0,0.0,0.0,0.86,1.0
Denis Istomin,0.0,0.0,19.6,0.0,4.7,0.0,0.0,0.0,0.0,0.0,20.8,0.0,0.0,15.6,0.0,0.0,0.9019999999999999,18.0
Denis Kudla,0.0,0.0,14.555555555555555,0.0,8.666666666666666,0.0,0.0,0.0,0.0,0.0,18.22222222222222,0.0,0.0,16.22222222222222,0.0,0.0,0.87,14.0
Denis Shapovalov,0.0,0.0,36.57142857142857,0.0,24.285714285714285,0.0,0.0,0.0,0.0,0.0,26.285714285714285,0.0,0.0,36.142857142857146,0.0,0.0,1.1028571428571428,22.0
Dennis Novak,0.0,0.0,6.0,0.0,8.5,0.0,0.0,0.0,0.0,0.0,14.5,0.0,0.0,13.5,0.0,0.0,0.97,2.0
Dennis Novikov,0.0,0.0,41.0,0.0,16.0,0.0,0.0,0.0,0.0,0.0,15.0,0.0,0.0,32.0,0.0,0.0,0.92,2.0
Dennis Van Scheppingen,0.0,0.0,6.0,0.0,12.0,0.0,0.0,0.0,0.0,0.0,15.0,0.0,0.0,13.0,0.0,0.0,0.87,1.0
Devin Britton,0.0,0.0,6.0,0.0,9.0,0.0,0.0,0.0,0.0,0.0,9.0,0.0,0.0,3.0,0.0,0.0,0.54,1.0
Dick Norman,0.0,0.0,18.5,0.0,13.5,0.0,0.0,0.0,0.0,0.0,17.5,0.0,0.0,10.5,0.0,0.0,0.7849999999999999,3.0
Diego Hartfield,0.0,0.0,5.0,0.0,9.0,0.0,0.0,0.0,0.0,0.0,9.0,0.0,0.0,9.0,0.0,0.0,0.87,1.0
Diego Junqueira,0.0,0.0,0.0,0.0,3.0,0.0,0.0,0.0,0.0,0.0,14.0,0.0,0.0,7.0,0.0,0.0,0.8,2.0
Diego Schwartzman,0.0,0.0,6.0,0.0,10.545454545454545,0.0,0.0,0.0,0.0,0.0,28.09090909090909,0.0,0.0,30.181818181818183,0.0,0.0,0.9445454545454546,27.0
Dieter Kindlmann,0.0,0.0,1.0,0.0,5.0,0.0,0.0,0.0,0.0,0.0,11.0,0.0,0.0,7.0,0.0,0.0,0.78,1.0
Dmitry Tursunov,0.0,0.0,19.916666666666668,0.0,11.5,0.0,0.0,0.0,0.0,0.0,19.166666666666668,0.0,0.0,18.75,0.0,0.0,0.9133333333333334,22.0
Dominic Stricker,0.0,0.0,27.0,0.0,15.0,0.0,0.0,0.0,0.0,0.0,21.5,0.0,0.0,28.0,0.0,0.0,0.9750000000000001,5.0
Dominic Thiem,0.0,0.0,23.8,0.0,11.5,0.0,0.0,0.0,0.0,0.0,26.1,0.0,0.0,32.6,0.0,0.0,1.02,32.0
Dominik Hrbaty,0.0,0.0,19.555555555555557,0.0,16.333333333333332,0.0,0.0,0.0,0.0,0.0,26.22222222222222,0.0,0.0,28.88888888888889,0.0,0.0,1.028888888888889,23.0
Dominik Koepfer,0.0,0.0,8.8,0.0,11.4,0.0,0.0,0.0,0.0,0.0,23.2,0.0,0.0,16.4,0.0,0.0,0.766,9.0
Dominik Meffert,0.0,0.0,8.0,0.0,12.0,0.0,0.0,0.0,0.0,0.0,9.0,0.0,0.0,2.0,0.0,0.0,0.8,1.0
Donald Young,0.0,0.0,6.714285714285714,0.0,10.357142857142858,0.0,0.0,0.0,0.0,0.0,19.357142857142858,0.0,0.0,17.142857142857142,0.0,0.0,0.8307142857142857,25.0
Dudi Sela,0.0,0.0,4.8,0.0,7.6,0.0,0.0,0.0,0.0,0.0,17.2,0.0,0.0,18.0,0.0,0.0,0.9359999999999999,16.0
Dusan Lajovic,0.0,0.0,8.0,0.0,3.8,0.0,0.0,0.0,0.0,0.0,16.7,0.0,0.0,13.8,0.0,0.0,0.8640000000000001,14.0
Dusan Lojda,0.0,0.0,1.0,0.0,4.0,0.0,0.0,0.0,0.0,0.0,10.0,0.0,0.0,3.0,0.0,0.0,0.45,1.0
Dustin Brown,0.0,0.0,16.8,0.0,11.8,0.0,0.0,0.0,0.0,0.0,12.2,0.0,0.0,8.6,0.0,0.0,0.826,7.0
Edouard Roger-Vasselin,0.0,0.0,5.6,0.0,4.2,0.0,0.0,0.0,0.0,0.0,14.0,0.0,0.0,10.4,0.0,0.0,0.9179999999999999,6.0
Eduardo Schwank,0.0,0.0,16.0,0.0,5.0,0.0,0.0,0.0,0.0,0.0,15.0,0.0,0.0,9.0,0.0,0.0,0.9450000000000001,3.0
Edwin Kempes,0.0,0.0,7.0,0.0,8.5,0.0,0.0,0.0,0.0,0.0,18.5,0.0,0.0,7.0,0.0,0.0,0.77,2.0
Egor Gerasimov,0.0,0.0,12.333333333333334,0.0,10.0,0.0,0.0,0.0,0.0,0.0,17.0,0.0,0.0,12.0,0.0,0.0,0.7599999999999999,5.0
Elias Ymer,0.0,0.0,9.0,0.0,6.0,0.0,0.0,0.0,0.0,0.0,16.0,0.0,0.0,2.0,0.0,0.0,0.33,1.0
Eliot Spizzirri,0.0,0.0,1.0,0.0,6.0,0.0,0.0,0.0,0.0,0.0,13.0,0.0,0.0,7.0,0.0,0.0,0.66,1.0
Elliot Benchetrit,0.0,0.0,8.0,0.0,2.0,0.0,0.0,0.0,0.0,0.0,15.0,0.0,0.0,6.0,0.0,0.0,0.69,1.0
Emil Ruusuvuori,0.0,0.0,13.333333333333334,0.0,9.0,0.0,0.0,0.0,0.0,0.0,14.0,0.0,0.0,17.666666666666668,0.0,0.0,0.9266666666666667,5.0
Emilio Nava,0.0,0.0,16.333333333333332,0.0,9.333333333333334,0.0,0.0,0.0,0.0,0.0,18.0,0.0,0.0,10.666666666666666,0.0,0.0,0.8733333333333334,4.0
Enzo Couacaud,0.0,0.0,19.0,0.0,6.5,0.0,0.0,0.0,0.0,0.0,12.5,0.0,0.0,8.0,0.0,0.0,0.905,2.0
Eric Prodon,0.0,0.0,4.0,0.0,10.0,0.0,0.0,0.0,0.0,0.0,15.0,0.0,0.0,5.0,0.0,0.0,0.7,1.0
Eric Taino,0.0,0.0,8.5,0.0,3.5,0.0,0.0,0.0,0.0,0.0,13.5,0.0,0.0,6.0,0.0,0.0,0.66,2.0
Ernesto Escobedo,0.0,0.0,18.2,0.0,8.0,0.0,0.0,0.0,0.0,0.0,19.2,0.0,0.0,14.8,0.0,0.0,0.9880000000000001,8.0
Ernests Gulbis,0.0,0.0,27.2,0.0,12.6,0.0,0.0,0.0,0.0,0.0,18.1,0.0,0.0,16.4,0.0,0.0,0.982,18.0
Ethan Quinn,0.0,0.0,7.0,0.0,3.0,0.0,0.0,0.0,0.0,0.0,11.0,0.0,0.0,5.0,0.0,0.0,0.72,1.0
Evan King,0.0,0.0,1.0,0.0,1.0,0.0,0.0,0.0,0.0,0.0,5.0,0.0,0.0,3.0,0.0,0.0,0.79,1.0
Evgeny Donskoy,0.0,0.0,11.11111111111111,0.0,4.555555555555555,0.0,0.0,0.0,0.0,0.0,13.11111111111111,0.0,0.0,10.666666666666666,0.0,0.0,0.8377777777777777,13.0
Evgeny Korolev,0.0,0.0,12.0,0.0,8.25,0.0,0.0,0.0,0.0,0.0,17.5,0.0,0.0,11.5,0.0,0.0,0.8825000000000001,5.0
Fabian Marozsan,0.0,0.0,22.5,0.0,10.0,0.0,0.0,0.0,0.0,0.0,24.5,0.0,0.0,22.5,0.0,0.0,0.97,4.0
Fabio Fognini,0.0,0.0,11.733333333333333,0.0,13.266666666666667,0.0,0.0,0.0,0.0,0.0,21.6,0.0,0.0,17.733333333333334,0.0,0.0,0.862,25.0
Fabrice Santoro,0.0,0.0,10.9,0.0,4.8,0.0,0.0,0.0,0.0,0.0,17.4,0.0,0.0,12.0,0.0,0.0,0.8470000000000001,16.0
Facundo Bagnis,0.0,0.0,7.8,0.0,7.8,0.0,0.0,0.0,0.0,0.0,13.2,0.0,0.0,11.0,0.0,0.0,0.76,7.0
Facundo Diaz Acosta,0.0,0.0,5.0,0.0,6.0,0.0,0.0,0.0,0.0,0.0,11.5,0.0,0.0,7.5,0.0,0.0,0.77,3.0
Federico Coria,0.0,0.0,6.75,0.0,6.75,0.0,0.0,0.0,0.0,0.0,16.0,0.0,0.0,13.75,0.0,0.0,0.78,6.0
Federico Delbonis,0.0,0.0,6.625,0.0,5.5,0.0,0.0,0.0,0.0,0.0,13.875,0.0,0.0,7.625,0.0,0.0,0.71375,10.0
Federico Gaio,0.0,0.0,8.0,0.0,7.0,0.0,0.0,0.0,0.0,0.0,15.0,0.0,0.0,6.0,0.0,0.0,0.8049999999999999,2.0
Feliciano Lopez,0.0,0.0,35.45,0.0,13.4,0.0,0.0,0.0,0.0,0.0,18.6,0.0,0.0,22.15,0.0,0.0,0.978,48.0
Felipe Meligeni Alves,0.0,0.0,24.0,0.0,6.0,0.0,0.0,0.0,0.0,0.0,19.0,0.0,0.0,21.0,0.0,0.0,1.05,2.0
Felix Auger Aliassime,0.0,0.0,28.142857142857142,0.0,14.857142857142858,0.0,0.0,0.0,0.0,0.0,16.857142857142858,0.0,0.0,19.0,0.0,0.0,0.9357142857142857,16.0
Felix Mantilla,0.0,0.0,4.75,0.0,4.5,0.0,0.0,0.0,0.0,0.0,11.25,0.0,0.0,7.0,0.0,0.0,0.73,5.0
Fernando Gonzalez,0.0,0.0,27.636363636363637,0.0,15.818181818181818,0.0,0.0,0.0,0.0,0.0,20.818181818181817,0.0,0.0,22.0,0.0,0.0,0.9681818181818183,29.0
Fernando Meligeni,0.0,0.0,8.666666666666666,0.0,11.0,0.0,0.0,0.0,0.0,0.0,20.666666666666668,0.0,0.0,20.333333333333332,0.0,0.0,0.94,5.0
Fernando Verdasco,0.0,0.0,23.166666666666668,0.0,16.444444444444443,0.0,0.0,0.0,0.0,0.0,22.0,0.0,0.0,26.333333333333332,0.0,0.0,1.0666666666666667,48.0
Fernando Vicente,0.0,0.0,8.4,0.0,7.0,0.0,0.0,0.0,0.0,0.0,18.2,0.0,0.0,12.6,0.0,0.0,0.77,8.0
Filip Krajinovic,0.0,0.0,8.571428571428571,0.0,6.0,0.0,0.0,0.0,0.0,0.0,15.285714285714286,0.0,0.0,13.857142857142858,0.0,0.0,0.9285714285714286,10.0
Filippo Volandri,0.0,0.0,1.5,0.0,6.625,0.0,0.0,0.0,0.0,0.0,11.875,0.0,0.0,7.125,0.0,0.0,0.6775,9.0
Flavio Cipolla,0.0,0.0,2.25,0.0,14.75,0.0,0.0,0.0,0.0,0.0,25.25,0.0,0.0,27.75,0.0,0.0,0.915,8.0
Flavio Cobolli,0.0,0.0,21.0,0.0,15.0,0.0,0.0,0.0,0.0,0.0,33.0,0.0,0.0,31.0,0.0,0.0,1.01,3.0
Flavio Saretta,0.0,0.0,10.0,0.0,8.25,0.0,0.0,0.0,0.0,0.0,17.75,0.0,0.0,13.75,0.0,0.0,0.865,6.0
Florent Serra,0.0,0.0,7.125,0.0,4.75,0.0,0.0,0.0,0.0,0.0,15.75,0.0,0.0,10.875,0.0,0.0,0.855,13.0
Florian Mayer,0.0,0.0,7.083333333333333,0.0,4.583333333333333,0.0,0.0,0.0,0.0,0.0,14.166666666666666,0.0,0.0,12.333333333333334,0.0,0.0,0.7933333333333334,19.0
Frances Tiafoe,0.0,0.0,33.2,0.0,11.8,0.0,0.0,0.0,0.0,0.0,27.6,0.0,0.0,33.9,0.0,0.0,1.0379999999999998,32.0
Francisco Cerundolo,0.0,0.0,12.666666666666666,0.0,10.666666666666666,0.0,0.0,0.0,0.0,0.0,19.666666666666668,0.0,0.0,17.0,0.0,0.0,0.9433333333333334,5.0
Francisco Clavet,0.0,0.0,4.0,0.0,5.0,0.0,0.0,0.0,0.0,0.0,12.666666666666666,0.0,0.0,10.333333333333334,0.0,0.0,0.8533333333333334,3.0
Francisco Comesana,0.0,0.0,24.0,0.0,16.0,0.0,0.0,0.0,0.0,0.0,26.0,0.0,0.0,24.0,0.0,0.0,0.99,3.0
Franco Squillari,0.0,0.0,6.5,0.0,15.0,0.0,0.0,0.0,0.0,0.0,13.0,0.0,0.0,9.0,0.0,0.0,0.655,3.0
Frank Dancevic,0.0,0.0,11.0,0.0,3.4,0.0,0.0,0.0,0.0,0.0,11.6,0.0,0.0,7.6,0.0,0.0,0.808,6.0
Frederico Gil,0.0,0.0,3.5,0.0,4.0,0.0,0.0,0.0,0.0,0.0,14.75,0.0,0.0,5.0,0.0,0.0,0.7175,4.0
Gabriel Diallo,0.0,0.0,44.0,0.0,18.0,0.0,0.0,0.0,0.0,0.0,35.0,0.0,0.0,45.0,0.0,0.0,0.96,3.0
Gael Monfils,0.0,0.0,34.1875,0.0,17.0,0.0,0.0,0.0,0.0,0.0,22.625,0.0,0.0,34.5,0.0,0.0,1.135,49.0
Galo Blanco,0.0,0.0,16.0,0.0,8.5,0.0,0.0,0.0,0.0,0.0,19.5,0.0,0.0,7.0,0.0,0.0,0.73,3.0
Gastao Elias,0.0,0.0,7.0,0.0,6.0,0.0,0.0,0.0,0.0,0.0,12.0,0.0,0.0,11.0,0.0,0.0,1.04,1.0
Gaston Etlis,0.0,0.0,20.0,0.0,8.0,0.0,0.0,0.0,0.0,0.0,22.0,0.0,0.0,33.0,0.0,0.0,1.07,2.0
Gaston Gaudio,0.0,0.0,11.0,0.0,7.571428571428571,0.0,0.0,0.0,0.0,0.0,19.0,0.0,0.0,14.571428571428571,0.0,0.0,0.8957142857142857,12.0
Geoffrey Blancaneaux,0.0,0.0,3.0,0.0,9.0,0.0,0.0,0.0,0.0,0.0,12.0,0.0,0.0,3.0,0.0,0.0,0.51,1.0
George Bastl,0.0,0.0,15.75,0.0,7.25,0.0,0.0,0.0,0.0,0.0,18.25,0.0,0.0,13.0,0.0,0.0,0.93,5.0
German Puentes,0.0,0.0,4.0,0.0,6.0,0.0,0.0,0.0,0.0,0.0,14.0,0.0,0.0,0.0,0.0,0.0,0.11,1.0
Gianluca Mager,0.0,0.0,18.0,0.0,7.0,0.0,0.0,0.0,0.0,0.0,11.0,0.0,0.0,11.0,0.0,0.0,0.9550000000000001,2.0
Gianluca Pozzi,0.0,0.0,14.5,0.0,6.0,0.0,0.0,0.0,0.0,0.0,15.0,0.0,0.0,20.0,0.0,0.0,1.105,3.0
Gijs Brouwer,0.0,0.0,9.0,0.0,7.0,0.0,0.0,0.0,0.0,0.0,16.0,0.0,0.0,18.0,0.0,0.0,1.0,2.0
Gilles Elseneer,0.0,0.0,7.0,0.0,1.5,0.0,0.0,0.0,0.0,0.0,9.0,0.0,0.0,8.0,0.0,0.0,0.8,2.0
Gilles Muller,0.0,0.0,42.4,0.0,14.3,0.0,0.0,0.0,0.0,0.0,20.2,0.0,0.0,16.4,0.0,0.0,0.89,20.0
Gilles Simon,0.0,0.0,15.857142857142858,0.0,7.5,0.0,0.0,0.0,0.0,0.0,24.0,0.0,0.0,26.071428571428573,0.0,0.0,1.0471428571428572,34.0
Giorgio Galimberti,0.0,0.0,7.5,0.0,8.5,0.0,0.0,0.0,0.0,0.0,20.0,0.0,0.0,13.0,0.0,0.0,0.9,3.0
Giovanni Lapentti,0.0,0.0,5.0,0.0,5.0,0.0,0.0,0.0,0.0,0.0,17.0,0.0,0.0,13.0,0.0,0.0,0.91,1.0
Giovanni Mpetshi Perricard,0.0,0.0,15.0,0.0,14.0,0.0,0.0,0.0,0.0,0.0,14.0,0.0,0.0,0.0,0.0,0.0,0.33,1.0
Glenn Weiner,0.0,0.0,4.0,0.0,8.0,0.0,0.0,0.0,0.0,0.0,7.0,0.0,0.0,1.0,0.0,0.0,0.59,1.0
Go Soeda,0.0,0.0,0.75,0.0,3.75,0.0,0.0,0.0,0.0,0.0,9.25,0.0,0.0,2.75,0.0,0.0,0.505,4.0
Goran Ivanisevic,0.0,0.0,41.5,0.0,17.0,0.0,0.0,0.0,0.0,0.0,20.0,0.0,0.0,16.0,0.0,0.0,0.85,4.0
Greg Rusedski,0.0,0.0,28.0,0.0,13.571428571428571,0.0,0.0,0.0,0.0,0.0,16.0,0.0,0.0,13.428571428571429,0.0,0.0,0.9142857142857144,12.0
Grega Zemlja,0.0,0.0,19.5,0.0,8.0,0.0,0.0,0.0,0.0,0.0,24.0,0.0,0.0,11.5,0.0,0.0,0.72,4.0
Gregoire Barrere,0.0,0.0,13.666666666666666,0.0,8.0,0.0,0.0,0.0,0.0,0.0,15.333333333333334,0.0,0.0,14.0,0.0,0.0,0.94,5.0
Gregory Carraz,0.0,0.0,34.5,0.0,22.0,0.0,0.0,0.0,0.0,0.0,22.0,0.0,0.0,22.0,0.0,0.0,0.84,4.0
Grigor Dimitrov,0.0,0.0,22.142857142857142,0.0,14.857142857142858,0.0,0.0,0.0,0.0,0.0,22.642857142857142,0.0,0.0,27.428571428571427,0.0,0.0,1.0735714285714286,36.0
Guido Andreozzi,0.0,0.0,6.666666666666667,0.0,5.666666666666667,0.0,0.0,0.0,0.0,0.0,12.333333333333334,0.0,0.0,1.0,0.0,0.0,0.5133333333333333,3.0
Guido Pella,0.0,0.0,12.4,0.0,6.0,0.0,0.0,0.0,0.0,0.0,13.1,0.0,0.0,13.1,0.0,0.0,0.968,15.0
Guilherme Clezar,0.0,0.0,14.0,0.0,9.0,0.0,0.0,0.0,0.0,0.0,9.0,0.0,0.0,13.0,0.0,0.0,0.83,1.0
Guillaume Rufin,0.0,0.0,21.666666666666668,0.0,12.333333333333334,0.0,0.0,0.0,0.0,0.0,19.333333333333332,0.0,0.0,15.0,0.0,0.0,0.8566666666666666,5.0
Guillermo Canas,0.0,0.0,14.75,0.0,11.0,0.0,0.0,0.0,0.0,0.0,22.5,0.0,0.0,21.25,0.0,0.0,0.9775,8.0
Guillermo Coria,0.0,0.0,23.0,0.0,20.0,0.0,0.0,0.0,0.0,0.0,25.25,0.0,0.0,45.25,0.0,0.0,1.17,14.0
Guillermo Garcia Lopez,0.0,0.0,10.153846153846153,0.0,11.692307692307692,0.0,0.0,0.0,0.0,0.0,20.846153846153847,0.0,0.0,17.0,0.0,0.0,0.8669230769230769,21.0
Gustavo Kuerten,0.0,0.0,34.166666666666664,0.0,6.666666666666667,0.0,0.0,0.0,0.0,0.0,12.833333333333334,0.0,0.0,21.833333333333332,0.0,0.0,0.9699999999999999,14.0
Hamad Medjedovic,0.0,0.0,17.0,0.0,9.0,0.0,0.0,0.0,0.0,0.0,15.0,0.0,0.0,9.0,0.0,0.0,0.87,1.0
Harel Levy,0.0,0.0,11.333333333333334,0.0,8.0,0.0,0.0,0.0,0.0,0.0,19.333333333333332,0.0,0.0,11.666666666666666,0.0,0.0,0.8066666666666666,4.0
Henri Laaksonen,0.0,0.0,20.0,0.0,13.666666666666666,0.0,0.0,0.0,0.0,0.0,16.333333333333332,0.0,0.0,13.0,0.0,0.0,0.8533333333333334,6.0
Hernan Gumy,0.0,0.0,18.0,0.0,12.0,0.0,0.0,0.0,0.0,0.0,28.0,0.0,0.0,25.0,0.0,0.0,0.99,2.0
Hicham Arazi,0.0,0.0,14.0,0.0,7.8,0.0,0.0,0.0,0.0,0.0,18.0,0.0,0.0,25.0,0.0,0.0,1.1019999999999999,12.0
Hiroki Moriya,0.0,0.0,1.0,0.0,7.0,0.0,0.0,0.0,0.0,0.0,14.0,0.0,0.0,5.0,0.0,0.0,0.42,1.0
Holger Rune,0.0,0.0,4.0,0.0,8.25,0.0,0.0,0.0,0.0,0.0,16.25,0.0,0.0,9.25,0.0,0.0,0.675,6.0
Horacio Zeballos,0.0,0.0,12.333333333333334,0.0,8.166666666666666,0.0,0.0,0.0,0.0,0.0,13.666666666666666,0.0,0.0,9.0,0.0,0.0,0.8633333333333333,8.0
Hubert Hurkacz,0.0,0.0,27.857142857142858,0.0,6.571428571428571,0.0,0.0,0.0,0.0,0.0,15.571428571428571,0.0,0.0,16.0,0.0,0.0,1.0485714285714285,13.0
Hugo Armando,0.0,0.0,3.0,0.0,4.0,0.0,0.0,0.0,0.0,0.0,9.0,0.0,0.0,5.0,0.0,0.0,0.81,1.0
Hugo Dellien,0.0,0.0,2.6666666666666665,0.0,3.3333333333333335,0.0,0.0,0.0,0.0,0.0,22.0,0.0,0.0,11.0,0.0,0.0,0.6166666666666667,4.0
Hugo Gaston,0.0,0.0,3.0,0.0,5.666666666666667,0.0,0.0,0.0,0.0,0.0,15.666666666666666,0.0,0.0,7.666666666666667,0.0,0.0,0.7233333333333333,4.0
Hugo Grenier,0.0,0.0,17.5,0.0,11.0,0.0,0.0,0.0,0.0,0.0,10.0,0.0,0.0,8.5,0.0,0.0,0.8500000000000001,3.0
Hyeon Chung,0.0,0.0,17.5,0.0,9.75,0.0,0.0,0.0,0.0,0.0,21.5,0.0,0.0,18.5,0.0,0.0,1.0,9.0
Hyung Taik Lee,0.0,0.0,10.88888888888889,0.0,7.111111111111111,0.0,0.0,0.0,0.0,0.0,20.88888888888889,0.0,0.0,24.11111111111111,0.0,0.0,0.9499999999999998,19.0
Igor Andreev,0.0,0.0,14.25,0.0,7.25,0.0,0.0,0.0,0.0,0.0,10.625,0.0,0.0,16.625,0.0,0.0,0.96125,14.0
Igor Kunitsyn,0.0,0.0,6.0,0.0,6.166666666666667,0.0,0.0,0.0,0.0,0.0,19.5,0.0,0.0,15.166666666666666,0.0,0.0,0.7533333333333333,9.0
Igor Sijsling,0.0,0.0,12.0,0.0,6.0,0.0,0.0,0.0,0.0,0.0,13.0,0.0,0.0,9.0,0.0,0.0,0.8033333333333333,4.0
Illya Marchenko,0.0,0.0,14.25,0.0,17.25,0.0,0.0,0.0,0.0,0.0,21.5,0.0,0.0,24.0,0.0,0.0,0.9075,9.0
Ilya Ivashka,0.0,0.0,14.2,0.0,9.6,0.0,0.0,0.0,0.0,0.0,23.4,0.0,0.0,21.2,0.0,0.0,0.9719999999999999,10.0
Inigo Cervantes Huegun,0.0,0.0,8.0,0.0,9.0,0.0,0.0,0.0,0.0,0.0,11.0,0.0,0.0,5.0,0.0,0.0,0.78,1.0
Irakli Labadze,0.0,0.0,9.0,0.0,4.5,0.0,0.0,0.0,0.0,0.0,11.5,0.0,0.0,2.0,0.0,0.0,0.715,2.0
Ivan Dodig,0.0,0.0,14.666666666666666,0.0,7.5,0.0,0.0,0.0,0.0,0.0,16.666666666666668,0.0,0.0,14.5,0.0,0.0,0.9916666666666667,10.0
Ivan Ljubicic,0.0,0.0,32.27272727272727,0.0,7.636363636363637,0.0,0.0,0.0,0.0,0.0,14.454545454545455,0.0,0.0,13.0,0.0,0.0,0.8963636363636364,19.0
Ivan Miranda,0.0,0.0,2.0,0.0,1.0,0.0,0.0,0.0,0.0,0.0,12.0,0.0,0.0,1.0,0.0,0.0,0.57,1.0
Ivan Navarro,0.0,0.0,19.0,0.0,7.0,0.0,0.0,0.0,0.0,0.0,9.666666666666666,0.0,0.0,6.333333333333333,0.0,0.0,0.8966666666666666,4.0
Ivo Heuberger,0.0,0.0,15.0,0.0,7.0,0.0,0.0,0.0,0.0,0.0,20.666666666666668,0.0,0.0,9.333333333333334,0.0,0.0,0.6833333333333332,4.0
Ivo Karlovic,0.0,0.0,49.470588235294116,0.0,11.117647058823529,0.0,0.0,0.0,0.0,0.0,11.294117647058824,0.0,0.0,9.588235294117647,0.0,0.0,0.888235294117647,30.0
Ivo Minar,0.0,0.0,8.5,0.0,5.0,0.0,0.0,0.0,0.0,0.0,14.5,0.0,0.0,14.5,0.0,0.0,0.7999999999999999,3.0
J J Wolf,0.0,0.0,28.333333333333332,0.0,15.0,0.0,0.0,0.0,0.0,0.0,25.0,0.0,0.0,25.333333333333332,0.0,0.0,1.0566666666666666,7.0
Jack Brasington,0.0,0.0,10.0,0.0,15.5,0.0,0.0,0.0,0.0,0.0,19.5,0.0,0.0,13.5,0.0,0.0,0.785,3.0
Jack Draper,0.0,0.0,43.0,0.0,21.333333333333332,0.0,0.0,0.0,0.0,0.0,30.0,0.0,0.0,39.666666666666664,0.0,0.0,1.14,13.0
Jack Sock,0.0,0.0,20.76923076923077,0.0,11.76923076923077,0.0,0.0,0.0,0.0,0.0,14.76923076923077,0.0,0.0,16.46153846153846,0.0,0.0,0.9753846153846154,26.0
Jacobo Diaz,0.0,0.0,8.0,0.0,7.0,0.0,0.0,0.0,0.0,0.0,9.0,0.0,0.0,3.0,0.0,0.0,0.88,1.0
Jakub Mensik,0.0,0.0,38.5,0.0,20.5,0.0,0.0,0.0,0.0,0.0,26.5,0.0,0.0,30.5,0.0,0.0,0.96,6.0
James Blake,0.0,0.0,25.833333333333332,0.0,12.833333333333334,0.0,0.0,0.0,0.0,0.0,30.333333333333332,0.0,0.0,36.0,0.0,0.0,1.11,37.0
James Duckworth,0.0,0.0,11.444444444444445,0.0,6.666666666666667,0.0,0.0,0.0,0.0,0.0,15.88888888888889,0.0,0.0,8.444444444444445,0.0,0.0,0.8022222222222222,11.0
James Mcgee,0.0,0.0,4.0,0.0,9.0,0.0,0.0,0.0,0.0,0.0,16.0,0.0,0.0,4.0,0.0,0.0,0.78,1.0
James Ward,0.0,0.0,8.0,0.0,5.0,0.0,0.0,0.0,0.0,0.0,12.0,0.0,0.0,5.0,0.0,0.0,0.67,1.0
Jamie Delgado,0.0,0.0,3.0,0.0,1.0,0.0,0.0,0.0,0.0,0.0,16.0,0.0,0.0,4.0,0.0,0.0,0.55,1.0
Jan Choinski,0.0,0.0,9.0,0.0,5.0,0.0,0.0,0.0,0.0,0.0,18.0,0.0,0.0,17.0,0.0,0.0,0.86,1.0
Jan Hajek,0.0,0.0,10.0,0.0,4.333333333333333,0.0,0.0,0.0,0.0,0.0,12.333333333333334,0.0,0.0,9.333333333333334,0.0,0.0,0.7866666666666666,4.0
Jan Hernych,0.0,0.0,4.75,0.0,5.25,0.0,0.0,0.0,0.0,0.0,18.5,0.0,0.0,15.25,0.0,0.0,0.875,6.0
Jan Lennard Struff,0.0,0.0,22.0,0.0,15.11111111111111,0.0,0.0,0.0,0.0,0.0,15.666666666666666,0.0,0.0,17.77777777777778,0.0,0.0,1.008888888888889,15.0
Jan Michael Gambill,0.0,0.0,34.333333333333336,0.0,8.5,0.0,0.0,0.0,0.0,0.0,15.5,0.0,0.0,17.0,0.0,0.0,1.0466666666666666,14.0
Jan Minar,0.0,0.0,0.0,0.0,6.0,0.0,0.0,0.0,0.0,0.0,12.0,0.0,0.0,6.0,0.0,0.0,0.7,1.0
Jan Satral,0.0,0.0,20.0,0.0,9.0,0.0,0.0,0.0,0.0,0.0,32.0,0.0,0.0,15.0,0.0,0.0,0.91,2.0
Jan Siemerink,0.0,0.0,23.0,0.0,18.5,0.0,0.0,0.0,0.0,0.0,18.5,0.0,0.0,10.5,0.0,0.0,0.735,3.0
Jan Vacek,0.0,0.0,6.666666666666667,0.0,6.0,0.0,0.0,0.0,0.0,0.0,13.666666666666666,0.0,0.0,9.666666666666666,0.0,0.0,0.7233333333333333,3.0
Janko Tipsarevic,0.0,0.0,22.785714285714285,0.0,9.071428571428571,0.0,0.0,0.0,0.0,0.0,19.214285714285715,0.0,0.0,21.642857142857142,0.0,0.0,0.9121428571428571,30.0
Jannik Sinner,0.0,0.0,32.333333333333336,0.0,16.0,0.0,0.0,0.0,0.0,0.0,34.666666666666664,0.0,0.0,50.5,0.0,0.0,1.1266666666666667,22.0
Jared Donaldson,0.0,0.0,16.0,0.0,8.5,0.0,0.0,0.0,0.0,0.0,16.25,0.0,0.0,20.25,0.0,0.0,0.9175,7.0
Jarkko Nieminen,0.0,0.0,8.714285714285714,0.0,6.642857142857143,0.0,0.0,0.0,0.0,0.0,18.357142857142858,0.0,0.0,15.357142857142858,0.0,0.0,0.865,24.0
Jason Jung,0.0,0.0,4.0,0.0,3.0,0.0,0.0,0.0,0.0,0.0,14.0,0.0,0.0,10.0,0.0,0.0,0.87,1.0
Jason Kubler,0.0,0.0,11.0,0.0,5.666666666666667,0.0,0.0,0.0,0.0,0.0,15.0,0.0,0.0,15.0,0.0,0.0,0.8300000000000001,5.0
Jason Stoltenberg,0.0,0.0,7.0,0.0,6.0,0.0,0.0,0.0,0.0,0.0,6.0,0.0,0.0,18.0,0.0,0.0,1.35,2.0
Jaume Munar,0.0,0.0,6.333333333333333,0.0,8.333333333333334,0.0,0.0,0.0,0.0,0.0,18.333333333333332,0.0,0.0,13.166666666666666,0.0,0.0,0.8716666666666667,7.0
Jc Aragone,0.0,0.0,4.0,0.0,2.0,0.0,0.0,0.0,0.0,0.0,9.0,0.0,0.0,2.0,0.0,0.0,0.58,1.0
Jean Rene Lisnard,0.0,0.0,5.666666666666667,0.0,14.0,0.0,0.0,0.0,0.0,0.0,27.0,0.0,0.0,20.666666666666668,0.0,0.0,0.8733333333333334,6.0
Jeff Morrison,0.0,0.0,13.25,0.0,5.75,0.0,0.0,0.0,0.0,0.0,12.5,0.0,0.0,7.25,0.0,0.0,0.765,4.0
Jeff Salzenstein,0.0,0.0,5.0,0.0,3.0,0.0,0.0,0.0,0.0,0.0,3.0,0.0,0.0,2.0,0.0,0.0,0.68,1.0
Jeff Tarango,0.0,0.0,10.0,0.0,11.0,0.0,0.0,0.0,0.0,0.0,20.0,0.0,0.0,10.0,0.0,0.0,0.95,1.0
Jens Knippschild,0.0,0.0,34.0,0.0,10.0,0.0,0.0,0.0,0.0,0.0,14.0,0.0,0.0,12.0,0.0,0.0,1.04,2.0
Jenson Brooksby,0.0,0.0,11.0,0.0,6.0,0.0,0.0,0.0,0.0,0.0,30.25,0.0,0.0,29.75,0.0,0.0,0.8925,10.0
Jeremy Chardy,0.0,0.0,21.23076923076923,0.0,12.307692307692308,0.0,0.0,0.0,0.0,0.0,18.384615384615383,0.0,0.0,15.923076923076923,0.0,0.0,0.9484615384615385,25.0
Jerome Golmard,0.0,0.0,20.25,0.0,10.25,0.0,0.0,0.0,0.0,0.0,12.25,0.0,0.0,14.25,0.0,0.0,0.96,8.0
Jerzy Janowicz,0.0,0.0,11.4,0.0,11.2,0.0,0.0,0.0,0.0,0.0,15.2,0.0,0.0,10.4,0.0,0.0,0.836,6.0
Jesse Huta Galung,0.0,0.0,7.0,0.0,6.0,0.0,0.0,0.0,0.0,0.0,13.0,0.0,0.0,10.0,0.0,0.0,0.75,1.0
Jesse Levine,0.0,0.0,10.75,0.0,8.5,0.0,0.0,0.0,0.0,0.0,17.75,0.0,0.0,11.0,0.0,0.0,0.7525,5.0
Jesse Witten,0.0,0.0,18.0,0.0,12.5,0.0,0.0,0.0,0.0,0.0,26.5,0.0,0.0,31.5,0.0,0.0,1.1,4.0
Jimmy Wang,0.0,0.0,7.0,0.0,5.0,0.0,0.0,0.0,0.0,0.0,17.5,0.0,0.0,7.5,0.0,0.0,0.79,3.0
Jiri Lehecka,0.0,0.0,22.0,0.0,11.666666666666666,0.0,0.0,0.0,0.0,0.0,22.333333333333332,0.0,0.0,18.666666666666668,0.0,0.0,0.8566666666666666,5.0
Jiri Novak,0.0,0.0,18.142857142857142,0.0,10.428571428571429,0.0,0.0,0.0,0.0,0.0,25.714285714285715,0.0,0.0,28.428571428571427,0.0,0.0,1.1728571428571428,22.0
Jiri Vanek,0.0,0.0,8.166666666666666,0.0,4.833333333333333,0.0,0.0,0.0,0.0,0.0,10.666666666666666,0.0,0.0,7.833333333333333,0.0,0.0,0.7283333333333334,7.0
Jiri Vesely,0.0,0.0,17.5,0.0,10.5,0.0,0.0,0.0,0.0,0.0,14.7,0.0,0.0,11.3,0.0,0.0,0.8230000000000001,15.0
Jo-Wilfried Tsonga,0.0,0.0,36.0,0.0,12.3,0.0,0.0,0.0,0.0,0.0,20.4,0.0,0.0,32.4,0.0,0.0,1.185,34.0
Joachim Johansson,0.0,0.0,65.0,0.0,21.5,0.0,0.0,0.0,0.0,0.0,19.5,0.0,0.0,27.5,0.0,0.0,0.8200000000000001,7.0
Joao Sousa,0.0,0.0,10.0,0.0,7.333333333333333,0.0,0.0,0.0,0.0,0.0,23.88888888888889,0.0,0.0,18.444444444444443,0.0,0.0,0.9022222222222221,18.0
Joao Souza,0.0,0.0,6.5,0.0,3.5,0.0,0.0,0.0,0.0,0.0,10.0,0.0,0.0,7.0,0.0,0.0,0.5700000000000001,2.0
John Isner,0.0,0.0,70.88235294117646,0.0,8.882352941176471,0.0,0.0,0.0,0.0,0.0,13.176470588235293,0.0,0.0,21.529411764705884,0.0,0.0,1.17,49.0
John Millman,0.0,0.0,10.5,0.0,4.875,0.0,0.0,0.0,0.0,0.0,20.25,0.0,0.0,21.125,0.0,0.0,0.9775,15.0
John Patrick Smith,0.0,0.0,9.0,0.0,6.5,0.0,0.0,0.0,0.0,0.0,11.5,0.0,0.0,9.5,0.0,0.0,0.845,2.0
John Van Lottum,0.0,0.0,10.75,0.0,8.5,0.0,0.0,0.0,0.0,0.0,20.0,0.0,0.0,13.25,0.0,0.0,0.8074999999999999,6.0
Jonas Bjorkman,0.0,0.0,12.5,0.0,10.875,0.0,0.0,0.0,0.0,0.0,24.125,0.0,0.0,23.75,0.0,0.0,0.98875,16.0
Jonathan Dasnieres De Veigy,0.0,0.0,5.0,0.0,2.0,0.0,0.0,0.0,0.0,0.0,10.0,0.0,0.0,10.0,0.0,0.0,0.74,1.0
Jordan Thompson,0.0,0.0,18.0,0.0,7.333333333333333,0.0,0.0,0.0,0.0,0.0,21.333333333333332,0.0,0.0,23.22222222222222,0.0,0.0,0.9866666666666668,19.0
Jose Acasuso,0.0,0.0,15.555555555555555,0.0,7.555555555555555,0.0,0.0,0.0,0.0,0.0,11.777777777777779,0.0,0.0,10.11111111111111,0.0,0.0,0.8155555555555556,14.0
Josh Goodall,0.0,0.0,14.0,0.0,4.0,0.0,0.0,0.0,0.0,0.0,10.0,0.0,0.0,1.0,0.0,0.0,0.67,1.0
Josselin Ouanna,0.0,0.0,22.0,0.0,8.0,0.0,0.0,0.0,0.0,0.0,17.0,0.0,0.0,11.0,0.0,0.0,1.01,2.0
Jozef Kovalik,0.0,0.0,5.0,0.0,4.0,0.0,0.0,0.0,0.0,0.0,8.333333333333334,0.0,0.0,4.666666666666667,0.0,0.0,0.7433333333333333,3.0
Juan Antonio Marin,0.0,0.0,7.0,0.0,4.0,0.0,0.0,0.0,0.0,0.0,13.0,0.0,0.0,3.0,0.0,0.0,0.7,1.0
Juan Balcells,0.0,0.0,3.0,0.0,4.0,0.0,0.0,0.0,0.0,0.0,11.0,0.0,0.0,6.0,0.0,0.0,0.73,1.0
Juan Carlos Ferrero,0.0,0.0,23.636363636363637,0.0,14.363636363636363,0.0,0.0,0.0,0.0,0.0,30.545454545454547,0.0,0.0,32.72727272727273,0.0,0.0,0.9918181818181818,34.0
Juan Ignacio Chela,0.0,0.0,10.7,0.0,8.3,0.0,0.0,0.0,0.0,0.0,21.3,0.0,0.0,23.5,0.0,0.0,1.0050000000000001,23.0
Juan Ignacio Londero,0.0,0.0,12.5,0.0,10.5,0.0,0.0,0.0,0.0,0.0,21.5,0.0,0.0,18.5,0.0,0.0,1.045,4.0
Juan Manuel Cerundolo,0.0,0.0,10.0,0.0,10.0,0.0,0.0,0.0,0.0,0.0,23.0,0.0,0.0,19.0,0.0,0.0,0.83,2.0
Juan Martin del Potro,0.0,0.0,43.3,0.0,16.1,0.0,0.0,0.0,0.0,0.0,28.5,0.0,0.0,49.4,0.0,0.0,1.22,44.0
Juan Monaco,0.0,0.0,6.333333333333333,0.0,5.25,0.0,0.0,0.0,0.0,0.0,15.25,0.0,0.0,15.083333333333334,0.0,0.0,0.8525,18.0
Juan Pablo Brzezicki,0.0,0.0,2.0,0.0,3.0,0.0,0.0,0.0,0.0,0.0,6.0,0.0,0.0,1.0,0.0,0.0,0.74,1.0
Juan Pablo Guzman,0.0,0.0,8.0,0.0,4.0,0.0,0.0,0.0,0.0,0.0,8.0,0.0,0.0,7.0,0.0,0.0,0.66,1.0
Juan Pablo Varillas,0.0,0.0,16.0,0.0,6.0,0.0,0.0,0.0,0.0,0.0,20.0,0.0,0.0,21.0,0.0,0.0,0.85,2.0
Julian Knowle,0.0,0.0,1.0,0.0,3.0,0.0,0.0,0.0,0.0,0.0,5.0,0.0,0.0,0.0,0.0,0.0,0.34,1.0
Julien Benneteau,0.0,0.0,15.357142857142858,0.0,10.5,0.0,0.0,0.0,0.0,0.0,21.285714285714285,0.0,0.0,15.5,0.0,0.0,0.9264285714285715,24.0
Julien Boutter,0.0,0.0,19.5,0.0,9.5,0.0,0.0,0.0,0.0,0.0,10.25,0.0,0.0,9.75,0.0,0.0,0.89,5.0
Julio Silva,0.0,0.0,6.0,0.0,5.0,0.0,0.0,0.0,0.0,0.0,9.0,0.0,0.0,2.0,0.0,0.0,0.58,1.0
Juncheng Shang,0.0,0.0,13.0,0.0,15.0,0.0,0.0,0.0,0.0,0.0,39.0,0.0,0.0,49.0,0.0,0.0,1.07,3.0
Jurgen Melzer,0.0,0.0,16.071428571428573,0.0,9.285714285714286,0.0,0.0,0.0,0.0,0.0,21.642857142857142,0.0,0.0,21.785714285714285,0.0,0.0,0.9157142857142857,27.0
Jurgen Zopp,0.0,0.0,9.5,0.0,7.5,0.0,0.0,0.0,0.0,0.0,15.5,0.0,0.0,11.0,0.0,0.0,0.815,3.0
Justin Gimelstob,0.0,0.0,17.142857142857142,0.0,12.428571428571429,0.0,0.0,0.0,0.0,0.0,13.285714285714286,0.0,0.0,10.857142857142858,0.0,0.0,0.7828571428571429,11.0
Kamil Majchrzak,0.0,0.0,14.0,0.0,8.25,0.0,0.0,0.0,0.0,0.0,15.25,0.0,0.0,12.25,0.0,0.0,0.81,6.0
Karen Khachanov,0.0,0.0,27.88888888888889,0.0,10.0,0.0,0.0,0.0,0.0,0.0,18.22222222222222,0.0,0.0,24.333333333333332,0.0,0.0,1.0544444444444445,19.0
Karim Alami,0.0,0.0,9.5,0.0,8.5,0.0,0.0,0.0,0.0,0.0,17.0,0.0,0.0,13.0,0.0,0.0,0.86,3.0
Karol Beck,0.0,0.0,14.166666666666666,0.0,10.5,0.0,0.0,0.0,0.0,0.0,16.0,0.0,0.0,19.0,0.0,0.0,0.9,9.0
Karol Kucera,0.0,0.0,17.0,0.0,13.4,0.0,0.0,0.0,0.0,0.0,25.4,0.0,0.0,24.8,0.0,0.0,0.968,10.0
Kei Nishikori,0.0,0.0,13.909090909090908,0.0,15.454545454545455,0.0,0.0,0.0,0.0,0.0,30.636363636363637,0.0,0.0,38.90909090909091,0.0,0.0,1.0254545454545456,38.0
Kenneth Carlsen,0.0,0.0,21.6,0.0,8.2,0.0,0.0,0.0,0.0,0.0,13.0,0.0,0.0,12.6,0.0,0.0,0.938,7.0
Kenny De Schepper,0.0,0.0,10.0,0.0,10.5,0.0,0.0,0.0,0.0,0.0,11.0,0.0,0.0,1.5,0.0,0.0,0.575,2.0
Kevin Anderson,0.0,0.0,53.36363636363637,0.0,12.727272727272727,0.0,0.0,0.0,0.0,0.0,20.454545454545453,0.0,0.0,24.272727272727273,0.0,0.0,1.0563636363636364,34.0
Kevin Kim,0.0,0.0,7.25,0.0,5.5,0.0,0.0,0.0,0.0,0.0,11.5,0.0,0.0,11.75,0.0,0.0,0.9075,5.0
Kj Hippensteel,0.0,0.0,2.0,0.0,6.0,0.0,0.0,0.0,0.0,0.0,10.0,0.0,0.0,5.0,0.0,0.0,0.67,1.0
Konstantin Kravchuk,0.0,0.0,10.0,0.0,3.0,0.0,0.0,0.0,0.0,0.0,11.0,0.0,0.0,11.0,0.0,0.0,0.74,1.0
Kristian Pless,0.0,0.0,17.6,0.0,8.8,0.0,0.0,0.0,0.0,0.0,14.0,0.0,0.0,15.8,0.0,0.0,0.984,9.0
Kristof Vliegen,0.0,0.0,9.0,0.0,2.8,0.0,0.0,0.0,0.0,0.0,8.4,0.0,0.0,6.8,0.0,0.0,0.806,5.0
Kyle Edmund,0.0,0.0,13.333333333333334,0.0,7.666666666666667,0.0,0.0,0.0,0.0,0.0,20.333333333333332,0.0,0.0,20.0,0.0,0.0,0.9083333333333333,12.0
Kyrian Jacquet,0.0,0.0,1.0,0.0,2.0,0.0,0.0,0.0,0.0,0.0,16.0,0.0,0.0,6.0,0.0,0.0,0.65,1.0
Lars Burgsmuller,0.0,0.0,7.2,0.0,6.2,0.0,0.0,0.0,0.0,0.0,12.8,0.0,0.0,10.6,0.0,0.0,0.8380000000000001,6.0
Laslo Djere,0.0,0.0,17.142857142857142,0.0,9.428571428571429,0.0,0.0,0.0,0.0,0.0,15.857142857142858,0.0,0.0,16.714285714285715,0.0,0.0,0.9271428571428572,11.0
Laurent Recouderc,0.0,0.0,5.0,0.0,6.0,0.0,0.0,0.0,0.0,0.0,14.0,0.0,0.0,6.0,0.0,0.0,0.69,1.0
Learner Tien,0.0,0.0,3.6666666666666665,0.0,5.0,0.0,0.0,0.0,0.0,0.0,18.666666666666668,0.0,0.0,6.333333333333333,0.0,0.0,0.7133333333333334,3.0
Leonardo Mayer,0.0,0.0,15.6,0.0,10.5,0.0,0.0,0.0,0.0,0.0,18.1,0.0,0.0,15.1,0.0,0.0,0.868,18.0
Levar Harper Griffith,0.0,0.0,1.0,0.0,6.0,0.0,0.0,0.0,0.0,0.0,14.0,0.0,0.0,9.0,0.0,0.0,0.67,1.0
Li Tu,0.0,0.0,2.0,0.0,6.0,0.0,0.0,0.0,0.0,0.0,19.0,0.0,0.0,6.0,0.0,0.0,0.53,1.0
Lleyton Hewitt,0.0,0.0,37.42857142857143,0.0,20.785714285714285,0.0,0.0,0.0,0.0,0.0,32.857142857142854,0.0,0.0,49.0,0.0,0.0,1.1585714285714286,58.0
Lloyd Harris,0.0,0.0,36.2,0.0,8.6,0.0,0.0,0.0,0.0,0.0,18.8,0.0,0.0,20.8,0.0,0.0,0.95,11.0
Lorenzo Musetti,0.0,0.0,16.5,0.0,14.5,0.0,0.0,0.0,0.0,0.0,24.25,0.0,0.0,24.75,0.0,0.0,1.0125000000000002,9.0
Lorenzo Sonego,0.0,0.0,14.142857142857142,0.0,4.857142857142857,0.0,0.0,0.0,0.0,0.0,12.428571428571429,0.0,0.0,11.428571428571429,0.0,0.0,0.9414285714285714,10.0
Louk Sorensen,0.0,0.0,6.0,0.0,1.0,0.0,0.0,0.0,0.0,0.0,11.0,0.0,0.0,5.0,0.0,0.0,0.85,1.0
Luca Nardi,0.0,0.0,5.0,0.0,11.0,0.0,0.0,0.0,0.0,0.0,11.0,0.0,0.0,14.0,0.0,0.0,0.91,1.0
Luca Van Assche,0.0,0.0,6.0,0.0,5.0,0.0,0.0,0.0,0.0,0.0,13.0,0.0,0.0,6.0,0.0,0.0,0.76,1.0
Lucas Pouille,0.0,0.0,33.833333333333336,0.0,19.666666666666668,0.0,0.0,0.0,0.0,0.0,30.5,0.0,0.0,29.666666666666668,0.0,0.0,0.9433333333333334,16.0
Luciano Darderi,0.0,0.0,10.0,0.0,9.0,0.0,0.0,0.0,0.0,0.0,17.0,0.0,0.0,15.0,0.0,0.0,0.89,1.0
Luis Horna,0.0,0.0,10.285714285714286,0.0,8.142857142857142,0.0,0.0,0.0,0.0,0.0,12.428571428571429,0.0,0.0,8.571428571428571,0.0,0.0,0.8157142857142857,9.0
Lukas Dlouhy,0.0,0.0,6.0,0.0,8.0,0.0,0.0,0.0,0.0,0.0,11.0,0.0,0.0,5.0,0.0,0.0,0.78,1.0
Lukas Lacko,0.0,0.0,5.777777777777778,0.0,4.555555555555555,0.0,0.0,0.0,0.0,0.0,11.444444444444445,0.0,0.0,6.333333333333333,0.0,0.0,0.7022222222222223,9.0
Lukas Rosol,0.0,0.0,8.0,0.0,7.666666666666667,0.0,0.0,0.0,0.0,0.0,16.0,0.0,0.0,5.833333333333333,0.0,0.0,0.665,7.0
Lukasz Kubot,0.0,0.0,6.25,0.0,9.25,0.0,0.0,0.0,0.0,0.0,15.5,0.0,0.0,11.0,0.0,0.0,0.725,6.0
Mackenzie Mcdonald,0.0,0.0,11.571428571428571,0.0,6.285714285714286,0.0,0.0,0.0,0.0,0.0,18.142857142857142,0.0,0.0,15.142857142857142,0.0,0.0,0.9014285714285715,9.0
Magnus Gustafsson,0.0,0.0,3.0,0.0,4.0,0.0,0.0,0.0,0.0,0.0,12.5,0.0,0.0,3.5,0.0,0.0,0.575,2.0
Magnus Larsson,0.0,0.0,11.0,0.0,5.0,0.0,0.0,0.0,0.0,0.0,6.0,0.0,0.0,13.0,0.0,0.0,0.93,1.0
Magnus Norman,0.0,0.0,17.666666666666668,0.0,12.0,0.0,0.0,0.0,0.0,0.0,24.0,0.0,0.0,25.0,0.0,0.0,0.9133333333333334,6.0
Maks Kasnikowski,0.0,0.0,6.0,0.0,5.0,0.0,0.0,0.0,0.0,0.0,16.0,0.0,0.0,9.0,0.0,0.0,0.8,1.0
Malek Jaziri,0.0,0.0,7.833333333333333,0.0,9.333333333333334,0.0,0.0,0.0,0.0,0.0,16.166666666666668,0.0,0.0,11.166666666666666,0.0,0.0,0.735,8.0
Marat Safin,0.0,0.0,43.25,0.0,11.375,0.0,0.0,0.0,0.0,0.0,22.375,0.0,0.0,32.5,0.0,0.0,1.05125,25.0
Marc Andrea Huesler,0.0,0.0,12.0,0.0,7.0,0.0,0.0,0.0,0.0,0.0,11.0,0.0,0.0,7.5,0.0,0.0,0.925,2.0
Marc Gicquel,0.0,0.0,13.5,0.0,6.0,0.0,0.0,0.0,0.0,0.0,13.5,0.0,0.0,13.833333333333334,0.0,0.0,0.8433333333333333,10.0
Marc Polmans,0.0,0.0,4.0,0.0,12.0,0.0,0.0,0.0,0.0,0.0,19.0,0.0,0.0,13.0,0.0,0.0,0.89,1.0
Marc Rosset,0.0,0.0,21.333333333333332,0.0,15.333333333333334,0.0,0.0,0.0,0.0,0.0,9.666666666666666,0.0,0.0,8.666666666666666,0.0,0.0,0.8033333333333333,4.0
Marcel Granollers,0.0,0.0,12.818181818181818,0.0,8.363636363636363,0.0,0.0,0.0,0.0,0.0,20.545454545454547,0.0,0.0,16.181818181818183,0.0,0.0,0.8863636363636364,23.0
Marcelo Rios,0.0,0.0,25.0,0.0,16.333333333333332,0.0,0.0,0.0,0.0,0.0,30.0,0.0,0.0,27.333333333333332,0.0,0.0,1.0766666666666667,9.0
Marco Cecchinato,0.0,0.0,10.166666666666666,0.0,6.5,0.0,0.0,0.0,0.0,0.0,9.166666666666666,0.0,0.0,8.833333333333334,0.0,0.0,0.8083333333333332,6.0
Marco Chiudinelli,0.0,0.0,14.6,0.0,7.2,0.0,0.0,0.0,0.0,0.0,21.6,0.0,0.0,20.2,0.0,0.0,0.99,11.0
Marco Trungelliti,0.0,0.0,14.5,0.0,10.5,0.0,0.0,0.0,0.0,0.0,13.5,0.0,0.0,11.0,0.0,0.0,0.7,3.0
Marcos Baghdatis,0.0,0.0,18.076923076923077,0.0,9.615384615384615,0.0,0.0,0.0,0.0,0.0,15.615384615384615,0.0,0.0,14.846153846153847,0.0,0.0,0.9230769230769231,22.0
Marcos Daniel,0.0,0.0,5.666666666666667,0.0,3.0,0.0,0.0,0.0,0.0,0.0,12.333333333333334,0.0,0.0,4.0,0.0,0.0,0.6333333333333333,3.0
Marcos Giron,0.0,0.0,10.0,0.0,5.428571428571429,0.0,0.0,0.0,0.0,0.0,12.857142857142858,0.0,0.0,11.571428571428571,0.0,0.0,0.8157142857142857,9.0
Mardy Fish,0.0,0.0,31.692307692307693,0.0,10.307692307692308,0.0,0.0,0.0,0.0,0.0,18.692307692307693,0.0,0.0,25.46153846153846,0.0,0.0,1.1146153846153846,32.0
Mariano Navone,0.0,0.0,7.0,0.0,7.0,0.0,0.0,0.0,0.0,0.0,23.0,0.0,0.0,21.0,0.0,0.0,0.87,2.0
Mariano Puerta,0.0,0.0,7.666666666666667,0.0,5.666666666666667,0.0,0.0,0.0,0.0,0.0,19.0,0.0,0.0,9.0,0.0,0.0,0.7466666666666667,4.0
Mariano Zabaleta,0.0,0.0,10.142857142857142,0.0,9.571428571428571,0.0,0.0,0.0,0.0,0.0,16.571428571428573,0.0,0.0,14.714285714285714,0.0,0.0,0.7857142857142857,11.0
Marin Cilic,0.0,0.0,52.714285714285715,0.0,22.071428571428573,0.0,0.0,0.0,0.0,0.0,31.071428571428573,0.0,0.0,43.57142857142857,0.0,0.0,1.1385714285714286,54.0
Marinko Matosevic,0.0,0.0,4.25,0.0,2.5,0.0,0.0,0.0,0.0,0.0,12.75,0.0,0.0,6.0,0.0,0.0,0.7375,4.0
Mario Ancic,0.0,0.0,18.0,0.0,4.75,0.0,0.0,0.0,0.0,0.0,11.0,0.0,0.0,16.0,0.0,0.0,0.94,5.0
Marius Copil,0.0,0.0,10.666666666666666,0.0,7.333333333333333,0.0,0.0,0.0,0.0,0.0,13.333333333333334,0.0,0.0,10.333333333333334,0.0,0.0,0.7133333333333334,4.0
Mark Philippoussis,0.0,0.0,28.0,0.0,11.5,0.0,0.0,0.0,0.0,0.0,11.833333333333334,0.0,0.0,13.333333333333334,0.0,0.0,0.8633333333333333,9.0
Markus Hantschk,0.0,0.0,7.0,0.0,3.0,0.0,0.0,0.0,0.0,0.0,19.0,0.0,0.0,13.0,0.0,0.0,0.86,1.0
Markus Hipfl,0.0,0.0,6.5,0.0,5.5,0.0,0.0,0.0,0.0,0.0,14.5,0.0,0.0,9.5,0.0,0.0,0.75,2.0
Marsel Ilhan,0.0,0.0,15.333333333333334,0.0,4.666666666666667,0.0,0.0,0.0,0.0,0.0,16.0,0.0,0.0,14.333333333333334,0.0,0.0,0.89,6.0
Martin Damm Sr,0.0,0.0,14.0,0.0,8.5,0.0,0.0,0.0,0.0,0.0,9.5,0.0,0.0,4.0,0.0,0.0,0.6000000000000001,2.0
Martin Klizan,0.0,0.0,11.571428571428571,0.0,11.571428571428571,0.0,0.0,0.0,0.0,0.0,17.571428571428573,0.0,0.0,16.714285714285715,0.0,0.0,0.7885714285714286,12.0
Martin Lee,0.0,0.0,17.0,0.0,5.0,0.0,0.0,0.0,0.0,0.0,19.0,0.0,0.0,19.0,0.0,0.0,0.87,1.0
Martin Vassallo Arguello,0.0,0.0,3.3333333333333335,0.0,2.6666666666666665,0.0,0.0,0.0,0.0,0.0,7.333333333333333,0.0,0.0,1.3333333333333333,0.0,0.0,0.4566666666666667,3.0
Martin Verkerk,0.0,0.0,37.5,0.0,13.5,0.0,0.0,0.0,0.0,0.0,10.0,0.0,0.0,6.0,0.0,0.0,0.77,3.0
Marton Fucsovics,0.0,0.0,11.777777777777779,0.0,10.11111111111111,0.0,0.0,0.0,0.0,0.0,15.0,0.0,0.0,14.88888888888889,0.0,0.0,0.9433333333333334,13.0
Matias Boeker,0.0,0.0,7.0,0.0,4.0,0.0,0.0,0.0,0.0,0.0,6.0,0.0,0.0,10.0,0.0,0.0,0.86,1.0
Matteo Arnaldi,0.0,0.0,24.0,0.0,14.0,0.0,0.0,0.0,0.0,0.0,22.0,0.0,0.0,21.5,0.0,0.0,1.05,7.0
Matteo Berrettini,0.0,0.0,50.0,0.0,11.142857142857142,0.0,0.0,0.0,0.0,0.0,28.285714285714285,0.0,0.0,29.285714285714285,0.0,0.0,1.0557142857142858,25.0
Matthew Ebden,0.0,0.0,13.75,0.0,17.25,0.0,0.0,0.0,0.0,0.0,21.5,0.0,0.0,14.5,0.0,0.0,0.7825,7.0
Matthew Forbes,0.0,0.0,5.0,0.0,7.0,0.0,0.0,0.0,0.0,0.0,14.0,0.0,0.0,11.0,0.0,0.0,0.71,1.0
Matthias Bachinger,0.0,0.0,14.0,0.0,6.666666666666667,0.0,0.0,0.0,0.0,0.0,14.0,0.0,0.0,12.333333333333334,0.0,0.0,0.9166666666666666,4.0
Mattia Bellucci,0.0,0.0,35.0,0.0,10.0,0.0,0.0,0.0,0.0,0.0,21.0,0.0,0.0,9.0,0.0,0.0,0.99,2.0
Max Mirnyi,0.0,0.0,39.875,0.0,15.625,0.0,0.0,0.0,0.0,0.0,18.875,0.0,0.0,17.875,0.0,0.0,1.05,19.0
Max Purcell,0.0,0.0,16.0,0.0,6.333333333333333,0.0,0.0,0.0,0.0,0.0,16.666666666666668,0.0,0.0,9.0,0.0,0.0,0.87,4.0
Maxime Authom,0.0,0.0,9.0,0.0,7.0,0.0,0.0,0.0,0.0,0.0,13.0,0.0,0.0,8.0,0.0,0.0,0.71,1.0
Maxime Cressy,0.0,0.0,38.333333333333336,0.0,18.333333333333332,0.0,0.0,0.0,0.0,0.0,11.333333333333334,0.0,0.0,10.0,0.0,0.0,0.9366666666666666,5.0
Maximilian Abel,0.0,0.0,6.0,0.0,7.0,0.0,0.0,0.0,0.0,0.0,14.0,0.0,0.0,6.0,0.0,0.0,0.69,1.0
Maximilian Marterer,0.0,0.0,11.8,0.0,3.8,0.0,0.0,0.0,0.0,0.0,12.2,0.0,0.0,3.2,0.0,0.0,0.624,5.0
Maximo Gonzalez,0.0,0.0,3.3333333333333335,0.0,6.666666666666667,0.0,0.0,0.0,0.0,0.0,19.333333333333332,0.0,0.0,14.666666666666666,0.0,0.0,0.805,8.0
Michael Berrer,0.0,0.0,8.857142857142858,0.0,7.0,0.0,0.0,0.0,0.0,0.0,14.142857142857142,0.0,0.0,11.285714285714286,0.0,0.0,0.7428571428571429,8.0
Michael Chang,0.0,0.0,10.25,0.0,5.0,0.0,0.0,0.0,0.0,0.0,15.25,0.0,0.0,12.75,0.0,0.0,0.8375,6.0
Michael Lammer,0.0,0.0,4.0,0.0,9.0,0.0,0.0,0.0,0.0,0.0,22.0,0.0,0.0,14.0,0.0,0.0,0.75,2.0
Michael Llodra,0.0,0.0,14.272727272727273,0.0,8.545454545454545,0.0,0.0,0.0,0.0,0.0,12.636363636363637,0.0,0.0,14.454545454545455,0.0,0.0,0.9009090909090909,21.0
Michael Mcclune,0.0,0.0,5.0,0.0,2.0,0.0,0.0,0.0,0.0,0.0,10.0,0.0,0.0,5.0,0.0,0.0,0.58,1.0
Michael Mmoh,0.0,0.0,15.25,0.0,7.25,0.0,0.0,0.0,0.0,0.0,15.5,0.0,0.0,11.0,0.0,0.0,0.845,7.0
Michael Russell,0.0,0.0,4.125,0.0,6.0,0.0,0.0,0.0,0.0,0.0,13.375,0.0,0.0,8.75,0.0,0.0,0.8225,8.0
Michael Yani,0.0,0.0,5.0,0.0,3.5,0.0,0.0,0.0,0.0,0.0,9.5,0.0,0.0,4.5,0.0,0.0,0.8049999999999999,2.0
Michal Przysiezny,0.0,0.0,15.666666666666666,0.0,9.666666666666666,0.0,0.0,0.0,0.0,0.0,16.333333333333332,0.0,0.0,7.333333333333333,0.0,0.0,0.79,3.0
Michal Tabara,0.0,0.0,15.0,0.0,23.0,0.0,0.0,0.0,0.0,0.0,24.5,0.0,0.0,26.5,0.0,0.0,0.9750000000000001,4.0
Michel Kratochvil,0.0,0.0,6.666666666666667,0.0,12.333333333333334,0.0,0.0,0.0,0.0,0.0,16.333333333333332,0.0,0.0,14.333333333333334,0.0,0.0,0.9199999999999999,3.0
Mikael Tillstrom,0.0,0.0,7.0,0.0,6.0,0.0,0.0,0.0,0.0,0.0,10.0,0.0,0.0,6.0,0.0,0.0,0.81,1.0
Mikael Ymer,0.0,0.0,4.333333333333333,0.0,3.0,0.0,0.0,0.0,0.0,0.0,11.0,0.0,0.0,11.0,0.0,0.0,0.8533333333333334,3.0
Mike Bryan,0.0,0.0,3.0,0.0,6.0,0.0,0.0,0.0,0.0,0.0,14.0,0.0,0.0,2.0,0.0,0.0,0.52,1.0
Mikhail Kukushkin,0.0,0.0,10.916666666666666,0.0,6.583333333333333,0.0,0.0,0.0,0.0,0.0,23.416666666666668,0.0,0.0,18.833333333333332,0.0,0.0,0.9,24.0
Mikhail Youzhny,0.0,0.0,17.1875,0.0,12.9375,0.0,0.0,0.0,0.0,0.0,23.125,0.0,0.0,29.0,0.0,0.0,1.071875,42.0
Milos Raonic,0.0,0.0,58.77777777777778,0.0,19.333333333333332,0.0,0.0,0.0,0.0,0.0,23.0,0.0,0.0,24.11111111111111,0.0,0.0,1.0277777777777777,25.0
Miomir Kecmanovic,0.0,0.0,17.666666666666668,0.0,9.666666666666666,0.0,0.0,0.0,0.0,0.0,21.0,0.0,0.0,19.833333333333332,0.0,0.0,1.0416666666666667,10.0
Mirza Basic,0.0,0.0,5.0,0.0,1.0,0.0,0.0,0.0,0.0,0.0,10.0,0.0,0.0,1.0,0.0,0.0,0.4,1.0
Mischa Zverev,0.0,0.0,12.2,0.0,8.0,0.0,0.0,0.0,0.0,0.0,17.2,0.0,0.0,16.8,0.0,0.0,0.9019999999999999,9.0
Mitchell Krueger,0.0,0.0,15.666666666666666,0.0,5.0,0.0,0.0,0.0,0.0,0.0,16.333333333333332,0.0,0.0,15.666666666666666,0.0,0.0,0.9566666666666667,5.0
Mohamed Safwat,0.0,0.0,2.0,0.0,3.0,0.0,0.0,0.0,0.0,0.0,10.0,0.0,0.0,5.0,0.0,0.0,0.74,1.0
Nick Kyrgios,0.0,0.0,46.666666666666664,0.0,11.666666666666666,0.0,0.0,0.0,0.0,0.0,17.444444444444443,0.0,0.0,18.88888888888889,0.0,0.0,0.9666666666666666,21.0
Nicolas Almagro,0.0,0.0,29.363636363636363,0.0,10.909090909090908,0.0,0.0,0.0,0.0,0.0,23.181818181818183,0.0,0.0,19.636363636363637,0.0,0.0,0.9218181818181819,25.0
Nicolas Coutelot,0.0,0.0,2.0,0.0,3.0,0.0,0.0,0.0,0.0,0.0,14.0,0.0,0.0,11.0,0.0,0.0,0.62,1.0
Nicolas Devilder,0.0,0.0,4.5,0.0,5.5,0.0,0.0,0.0,0.0,0.0,14.5,0.0,0.0,17.5,0.0,0.0,0.855,3.0
Nicolas Escude,0.0,0.0,15.0,0.0,11.0,0.0,0.0,0.0,0.0,0.0,22.0,0.0,0.0,24.0,0.0,0.0,1.02,2.0
Nicolas Jarry,0.0,0.0,28.0,0.0,5.8,0.0,0.0,0.0,0.0,0.0,15.2,0.0,0.0,10.8,0.0,0.0,0.914,8.0
Nicolas Kicker,0.0,0.0,4.0,0.0,11.0,0.0,0.0,0.0,0.0,0.0,22.0,0.0,0.0,5.0,0.0,0.0,0.67,1.0
Nicolas Kiefer,0.0,0.0,24.555555555555557,0.0,12.88888888888889,0.0,0.0,0.0,0.0,0.0,25.11111111111111,0.0,0.0,23.666666666666668,0.0,0.0,0.9933333333333333,22.0
Nicolas Lapentti,0.0,0.0,15.5,0.0,6.875,0.0,0.0,0.0,0.0,0.0,18.75,0.0,0.0,19.25,0.0,0.0,0.9237500000000001,13.0
Nicolas Mahut,0.0,0.0,14.923076923076923,0.0,8.153846153846153,0.0,0.0,0.0,0.0,0.0,16.153846153846153,0.0,0.0,12.076923076923077,0.0,0.0,0.8238461538461539,21.0
Nicolas Massu,0.0,0.0,13.88888888888889,0.0,9.88888888888889,0.0,0.0,0.0,0.0,0.0,22.666666666666668,0.0,0.0,19.11111111111111,0.0,0.0,0.9422222222222223,19.0
Nicolas Moreno De Alboran,0.0,0.0,8.0,0.0,8.0,0.0,0.0,0.0,0.0,0.0,14.0,0.0,0.0,3.0,0.0,0.0,0.65,1.0
Niels Desein,0.0,0.0,5.0,0.0,4.0,0.0,0.0,0.0,0.0,0.0,12.0,0.0,0.0,2.0,0.0,0.0,0.43,1.0
Nikolay Davydenko,0.0,0.0,12.923076923076923,0.0,10.307692307692308,0.0,0.0,0.0,0.0,0.0,26.153846153846153,0.0,0.0,34.23076923076923,0.0,0.0,1.0723076923076922,39.0
Nikoloz Basilashvili,0.0,0.0,9.857142857142858,0.0,13.0,0.0,0.0,0.0,0.0,0.0,22.0,0.0,0.0,16.857142857142858,0.0,0.0,0.8328571428571429,14.0
Noah Rubin,0.0,0.0,1.0,0.0,4.0,0.0,0.0,0.0,0.0,0.0,11.5,0.0,0.0,5.0,0.0,0.0,0.685,2.0
Noam Okun,0.0,0.0,18.666666666666668,0.0,7.666666666666667,0.0,0.0,0.0,0.0,0.0,17.0,0.0,0.0,16.333333333333332,0.0,0.0,0.9700000000000001,5.0
Norbert Gombos,0.0,0.0,9.25,0.0,7.0,0.0,0.0,0.0,0.0,0.0,12.75,0.0,0.0,12.5,0.0,0.0,0.87,5.0
Novak Djokovic,0.0,0.0,40.833333333333336,0.0,19.555555555555557,0.0,0.0,0.0,0.0,0.0,37.72222222222222,0.0,0.0,67.33333333333333,0.0,0.0,1.3016666666666667,105.0
Nuno Borges,0.0,0.0,19.666666666666668,0.0,16.0,0.0,0.0,0.0,0.0,0.0,22.0,0.0,0.0,25.333333333333332,0.0,0.0,1.05,7.0
Oliver Marach,0.0,0.0,8.0,0.0,4.0,0.0,0.0,0.0,0.0,0.0,7.0,0.0,0.0,0.0,0.0,0.0,0.64,1.0
Olivier Mutis,0.0,0.0,1.5,0.0,5.5,0.0,0.0,0.0,0.0,0.0,11.5,0.0,0.0,5.5,0.0,0.0,0.6799999999999999,2.0
Olivier Patience,0.0,0.0,6.0,0.0,4.5,0.0,0.0,0.0,0.0,0.0,15.0,0.0,0.0,6.5,0.0,0.0,0.615,2.0
Olivier Rochus,0.0,0.0,4.076923076923077,0.0,7.615384615384615,0.0,0.0,0.0,0.0,0.0,18.0,0.0,0.0,14.76923076923077,0.0,0.0,0.8638461538461539,21.0
Orlin Stanoytchev,0.0,0.0,16.0,0.0,15.0,0.0,0.0,0.0,0.0,0.0,13.0,0.0,0.0,10.0,0.0,0.0,0.96,1.0
Oscar Hernandez,0.0,0.0,1.6,0.0,2.8,0.0,0.0,0.0,0.0,0.0,12.2,0.0,0.0,4.4,0.0,0.0,0.548,5.0
Oscar Otte,0.0,0.0,29.0,0.0,14.0,0.0,0.0,0.0,0.0,0.0,19.5,0.0,0.0,17.5,0.0,0.0,0.81,5.0
Otto Virtanen,0.0,0.0,14.0,0.0,11.0,0.0,0.0,0.0,0.0,0.0,15.0,0.0,0.0,15.0,0.0,0.0,0.975,3.0
Pablo Andujar,0.0,0.0,7.111111111111111,0.0,10.444444444444445,0.0,0.0,0.0,0.0,0.0,20.0,0.0,0.0,18.0,0.0,0.0,0.9288888888888889,17.0
Pablo Carreno Busta,0.0,0.0,17.2,0.0,8.4,0.0,0.0,0.0,0.0,0.0,31.2,0.0,0.0,33.6,0.0,0.0,1.026,31.0
Pablo Cuevas,0.0,0.0,12.666666666666666,0.0,6.75,0.0,0.0,0.0,0.0,0.0,14.166666666666666,0.0,0.0,12.083333333333334,0.0,0.0,0.8291666666666666,17.0
Paolo Lorenzi,0.0,0.0,13.777777777777779,0.0,10.777777777777779,0.0,0.0,0.0,0.0,0.0,19.88888888888889,0.0,0.0,17.333333333333332,0.0,0.0,0.8133333333333334,18.0
Paradorn Srichaphan,0.0,0.0,22.428571428571427,0.0,12.428571428571429,0.0,0.0,0.0,0.0,0.0,18.142857142857142,0.0,0.0,23.142857142857142,0.0,0.0,0.972857142857143,16.0
Patrick Kypson,0.0,0.0,4.0,0.0,3.0,0.0,0.0,0.0,0.0,0.0,11.0,0.0,0.0,8.0,0.0,0.0,0.68,1.0
Patrick Rafter,0.0,0.0,35.5,0.0,10.0,0.0,0.0,0.0,0.0,0.0,14.5,0.0,0.0,22.0,0.0,0.0,1.38,5.0
Paul Capdeville,0.0,0.0,13.75,0.0,5.5,0.0,0.0,0.0,0.0,0.0,18.75,0.0,0.0,22.0,0.0,0.0,0.9974999999999999,7.0
Paul Goldstein,0.0,0.0,3.6,0.0,5.8,0.0,0.0,0.0,0.0,0.0,20.0,0.0,0.0,10.2,0.0,0.0,0.71,7.0
Paul Henri Mathieu,0.0,0.0,15.285714285714286,0.0,10.214285714285714,0.0,0.0,0.0,0.0,0.0,15.0,0.0,0.0,13.428571428571429,0.0,0.0,0.9328571428571429,23.0
Pavel Kotov,0.0,0.0,7.666666666666667,0.0,6.666666666666667,0.0,0.0,0.0,0.0,0.0,21.0,0.0,0.0,10.0,0.0,0.0,0.8133333333333334,3.0
Pedro Cachin,0.0,0.0,21.5,0.0,9.5,0.0,0.0,0.0,0.0,0.0,20.0,0.0,0.0,20.5,0.0,0.0,0.915,4.0
Pedro Martinez,0.0,0.0,9.5,0.0,11.5,0.0,0.0,0.0,0.0,0.0,18.0,0.0,0.0,13.75,0.0,0.0,0.82,6.0
Pedro Sousa,0.0,0.0,10.0,0.0,3.0,0.0,0.0,0.0,0.0,0.0,11.0,0.0,0.0,8.0,0.0,0.0,0.85,1.0
Pere Riba,0.0,0.0,9.666666666666666,0.0,6.666666666666667,0.0,0.0,0.0,0.0,0.0,17.0,0.0,0.0,7.333333333333333,0.0,0.0,0.7966666666666667,3.0
Pete Sampras,0.0,0.0,121.66666666666667,0.0,44.333333333333336,0.0,0.0,0.0,0.0,0.0,31.666666666666668,0.0,0.0,54.333333333333336,0.0,0.0,1.28,21.0
Peter Gojowczyk,0.0,0.0,17.166666666666668,0.0,15.0,0.0,0.0,0.0,0.0,0.0,23.333333333333332,0.0,0.0,18.833333333333332,0.0,0.0,0.9316666666666666,11.0
Peter Luczak,0.0,0.0,5.25,0.0,2.5,0.0,0.0,0.0,0.0,0.0,12.5,0.0,0.0,8.0,0.0,0.0,0.8475,4.0
Peter Polansky,0.0,0.0,10.333333333333334,0.0,6.333333333333333,0.0,0.0,0.0,0.0,0.0,17.333333333333332,0.0,0.0,13.0,0.0,0.0,0.8099999999999999,4.0
Peter Wessels,0.0,0.0,24.0,0.0,8.5,0.0,0.0,0.0,0.0,0.0,15.0,0.0,0.0,15.0,0.0,0.0,1.085,3.0
Petr Kralert,0.0,0.0,14.0,0.0,14.0,0.0,0.0,0.0,0.0,0.0,28.0,0.0,0.0,24.0,0.0,0.0,1.03,2.0
Philipp Kohlschreiber,0.0,0.0,18.736842105263158,0.0,8.631578947368421,0.0,0.0,0.0,0.0,0.0,20.57894736842105,0.0,0.0,20.05263157894737,0.0,0.0,0.981578947368421,44.0
Philipp Petzschner,0.0,0.0,23.0,0.0,9.5,0.0,0.0,0.0,0.0,0.0,18.333333333333332,0.0,0.0,20.0,0.0,0.0,0.9866666666666667,11.0
Phillip King,0.0,0.0,5.0,0.0,2.0,0.0,0.0,0.0,0.0,0.0,10.0,0.0,0.0,4.0,0.0,0.0,0.64,1.0
Phillip Simmonds,0.0,0.0,5.0,0.0,5.0,0.0,0.0,0.0,0.0,0.0,12.0,0.0,0.0,4.0,0.0,0.0,0.48,1.0
Pierre Hugues Herbert,0.0,0.0,14.833333333333334,0.0,9.5,0.0,0.0,0.0,0.0,0.0,12.333333333333334,0.0,0.0,9.666666666666666,0.0,0.0,0.7999999999999999,7.0
Potito Starace,0.0,0.0,7.0,0.0,4.5,0.0,0.0,0.0,0.0,0.0,13.125,0.0,0.0,9.5,0.0,0.0,0.7625,10.0
Prajnesh Gunneswaran,0.0,0.0,4.0,0.0,8.0,0.0,0.0,0.0,0.0,0.0,8.0,0.0,0.0,3.0,0.0,0.0,0.58,1.0
Prakash Amritraj,0.0,0.0,2.0,0.0,4.0,0.0,0.0,0.0,0.0,0.0,17.0,0.0,0.0,0.0,0.0,0.0,0.4,1.0
Quentin Halys,0.0,0.0,21.0,0.0,9.5,0.0,0.0,0.0,0.0,0.0,13.75,0.0,0.0,8.0,0.0,0.0,0.8475,4.0
Radek Stepanek,0.0,0.0,13.142857142857142,0.0,7.928571428571429,0.0,0.0,0.0,0.0,0.0,15.214285714285714,0.0,0.0,14.357142857142858,0.0,0.0,0.915,24.0
Radoslav Lukaev,0.0,0.0,12.0,0.0,9.0,0.0,0.0,0.0,0.0,0.0,16.0,0.0,0.0,8.0,0.0,0.0,0.83,1.0
Radu Albot,0.0,0.0,4.8,0.0,6.9,0.0,0.0,0.0,0.0,0.0,14.6,0.0,0.0,11.3,0.0,0.0,0.8029999999999999,12.0
Raemon Sluiter,0.0,0.0,14.2,0.0,10.0,0.0,0.0,0.0,0.0,0.0,15.2,0.0,0.0,10.2,0.0,0.0,0.89,7.0
Rafael Nadal,0.0,0.0,21.0625,0.0,13.0,0.0,0.0,0.0,0.0,0.0,30.0,0.0,0.0,56.9375,0.0,0.0,1.326875,80.0
Rainer Schuettler,0.0,0.0,11.272727272727273,0.0,9.454545454545455,0.0,0.0,0.0,0.0,0.0,17.727272727272727,0.0,0.0,14.818181818181818,0.0,0.0,0.9427272727272726,18.0
Rajeev Ram,0.0,0.0,11.857142857142858,0.0,6.0,0.0,0.0,0.0,0.0,0.0,10.857142857142858,0.0,0.0,12.0,0.0,0.0,0.9071428571428571,9.0
Ramon Delgado,0.0,0.0,23.25,0.0,12.5,0.0,0.0,0.0,0.0,0.0,23.0,0.0,0.0,24.5,0.0,0.0,0.8925000000000001,9.0
Razvan Sabau,0.0,0.0,2.0,0.0,8.0,0.0,0.0,0.0,0.0,0.0,8.0,0.0,0.0,1.0,0.0,0.0,0.34,1.0
Reilly Opelka,0.0,0.0,50.0,0.0,7.75,0.0,0.0,0.0,0.0,0.0,14.75,0.0,0.0,14.25,0.0,0.0,0.875,8.0
Rhyne Williams,0.0,0.0,9.5,0.0,5.5,0.0,0.0,0.0,0.0,0.0,10.5,0.0,0.0,7.0,0.0,0.0,0.745,2.0
Ricardas Berankis,0.0,0.0,11.666666666666666,0.0,11.0,0.0,0.0,0.0,0.0,0.0,20.88888888888889,0.0,0.0,17.444444444444443,0.0,0.0,0.8388888888888889,15.0
Ricardo Mello,0.0,0.0,7.0,0.0,5.4,0.0,0.0,0.0,0.0,0.0,18.4,0.0,0.0,19.2,0.0,0.0,0.976,9.0
Richard Fromberg,0.0,0.0,44.0,0.0,16.0,0.0,0.0,0.0,0.0,0.0,24.0,0.0,0.0,28.0,0.0,0.0,1.05,3.0
Richard Gasquet,0.0,0.0,19.42105263157895,0.0,10.368421052631579,0.0,0.0,0.0,0.0,0.0,21.42105263157895,0.0,0.0,24.526315789473685,0.0,0.0,0.9989473684210527,49.0
Richard Krajicek,0.0,0.0,55.0,0.0,15.0,0.0,0.0,0.0,0.0,0.0,16.5,0.0,0.0,30.0,0.0,0.0,1.03,6.0
Rik De Voest,0.0,0.0,7.333333333333333,0.0,3.3333333333333335,0.0,0.0,0.0,0.0,0.0,9.666666666666666,0.0,0.0,9.0,0.0,0.0,0.87,4.0
Rinky Hijikata,0.0,0.0,13.333333333333334,0.0,11.666666666666666,0.0,0.0,0.0,0.0,0.0,25.666666666666668,0.0,0.0,26.666666666666668,0.0,0.0,0.8733333333333334,7.0
Robby Ginepri,0.0,0.0,20.083333333333332,0.0,6.583333333333333,0.0,0.0,0.0,0.0,0.0,20.083333333333332,0.0,0.0,26.583333333333332,0.0,0.0,0.9725,27.0
Robert Farah,0.0,0.0,5.0,0.0,8.0,0.0,0.0,0.0,0.0,0.0,20.0,0.0,0.0,11.0,0.0,0.0,0.79,1.0
Robert Kendrick,0.0,0.0,19.0,0.0,10.0,0.0,0.0,0.0,0.0,0.0,14.166666666666666,0.0,0.0,7.833333333333333,0.0,0.0,0.8966666666666666,8.0
Robert Smeets,0.0,0.0,7.0,0.0,4.0,0.0,0.0,0.0,0.0,0.0,12.0,0.0,0.0,8.0,0.0,0.0,0.94,1.0
Robert Yim,0.0,0.0,2.0,0.0,7.0,0.0,0.0,0.0,0.0,0.0,9.0,0.0,0.0,3.0,0.0,0.0,0.61,1.0
Roberto Bautista Agut,0.0,0.0,11.363636363636363,0.0,9.545454545454545,0.0,0.0,0.0,0.0,0.0,24.636363636363637,0.0,0.0,25.0,0.0,0.0,1.0154545454545454,27.0
Roberto Carballes Baena,0.0,0.0,10.142857142857142,0.0,9.0,0.0,0.0,0.0,0.0,0.0,18.428571428571427,0.0,0.0,15.142857142857142,0.0,0.0,0.9185714285714285,13.0
Robin Haase,0.0,0.0,14.4,0.0,7.2,0.0,0.0,0.0,0.0,0.0,14.4,0.0,0.0,13.1,0.0,0.0,0.851,13.0
Robin Soderling,0.0,0.0,25.875,0.0,14.375,0.0,0.0,0.0,0.0,0.0,20.375,0.0,0.0,24.875,0.0,0.0,1.04375,21.0
Robin Vik,0.0,0.0,8.0,0.0,5.0,0.0,0.0,0.0,0.0,0.0,15.5,0.0,0.0,9.5,0.0,0.0,0.72,2.0
Roger Federer,0.0,0.0,59.0,0.0,14.894736842105264,0.0,0.0,0.0,0.0,0.0,30.210526315789473,0.0,0.0,61.73684210526316,0.0,0.0,1.3631578947368421,105.0
Rogerio Dutra Silva,0.0,0.0,9.6,0.0,6.0,0.0,0.0,0.0,0.0,0.0,20.6,0.0,0.0,13.8,0.0,0.0,0.876,8.0
Roko Karanusic,0.0,0.0,11.0,0.0,5.0,0.0,0.0,0.0,0.0,0.0,13.0,0.0,0.0,14.0,0.0,0.0,0.89,3.0
Romain Jouan,0.0,0.0,0.0,0.0,3.0,0.0,0.0,0.0,0.0,0.0,9.0,0.0,0.0,3.0,0.0,0.0,0.54,1.0
Roman Safiullin,0.0,0.0,15.0,0.0,8.0,0.0,0.0,0.0,0.0,0.0,15.0,0.0,0.0,18.5,0.0,0.0,1.175,4.0
Ruben Bemelmans,0.0,0.0,14.666666666666666,0.0,10.333333333333334,0.0,0.0,0.0,0.0,0.0,16.333333333333332,0.0,0.0,17.666666666666668,0.0,0.0,0.8666666666666667,5.0
Ruben Ramirez Hidalgo,0.0,0.0,5.833333333333333,0.0,7.666666666666667,0.0,0.0,0.0,0.0,0.0,12.666666666666666,0.0,0.0,8.166666666666666,0.0,0.0,0.7283333333333334,7.0
Rui Machado,0.0,0.0,4.0,0.0,4.25,0.0,0.0,0.0,0.0,0.0,13.0,0.0,0.0,6.5,0.0,0.0,0.7325,5.0
Ryan Harrison,0.0,0.0,12.11111111111111,0.0,8.555555555555555,0.0,0.0,0.0,0.0,0.0,16.77777777777778,0.0,0.0,14.666666666666666,0.0,0.0,0.8577777777777778,13.0
Ryan Shane,0.0,0.0,17.0,0.0,13.0,0.0,0.0,0.0,0.0,0.0,11.0,0.0,0.0,6.0,0.0,0.0,0.57,1.0
Ryan Sweeting,0.0,0.0,8.666666666666666,0.0,6.833333333333333,0.0,0.0,0.0,0.0,0.0,15.666666666666666,0.0,0.0,9.333333333333334,0.0,0.0,0.8416666666666667,7.0
Ryler Deheart,0.0,0.0,23.0,0.0,10.0,0.0,0.0,0.0,0.0,0.0,27.0,0.0,0.0,12.0,0.0,0.0,0.83,2.0
Saketh Myneni,0.0,0.0,13.0,0.0,2.0,0.0,0.0,0.0,0.0,0.0,29.0,0.0,0.0,19.0,0.0,0.0,0.94,1.0
Salvatore Caruso,0.0,0.0,16.5,0.0,12.0,0.0,0.0,0.0,0.0,0.0,27.0,0.0,0.0,19.0,0.0,0.0,0.8400000000000001,4.0
Sam Groth,0.0,0.0,21.5,0.0,13.5,0.0,0.0,0.0,0.0,0.0,14.0,0.0,0.0,10.5,0.0,0.0,0.855,4.0
Sam Querrey,0.0,0.0,35.9375,0.0,12.1875,0.0,0.0,0.0,0.0,0.0,14.5625,0.0,0.0,19.6875,0.0,0.0,0.92625,34.0
Sam Riffice,0.0,0.0,1.0,0.0,9.0,0.0,0.0,0.0,0.0,0.0,10.0,0.0,0.0,1.0,0.0,0.0,0.53,1.0
Sam Warburg,0.0,0.0,12.0,0.0,5.0,0.0,0.0,0.0,0.0,0.0,12.0,0.0,0.0,9.0,0.0,0.0,0.9,2.0
Santiago Giraldo,0.0,0.0,5.875,0.0,3.625,0.0,0.0,0.0,0.0,0.0,13.875,0.0,0.0,12.625,0.0,0.0,0.885,9.0
Santiago Ventura,0.0,0.0,9.0,0.0,11.0,0.0,0.0,0.0,0.0,0.0,9.0,0.0,0.0,6.0,0.0,0.0,0.73,1.0
Sargis Sargsian,0.0,0.0,25.25,0.0,16.0,0.0,0.0,0.0,0.0,0.0,26.0,0.0,0.0,27.75,0.0,0.0,0.9375,10.0
Scott Draper,0.0,0.0,7.0,0.0,3.0,0.0,0.0,0.0,0.0,0.0,4.0,0.0,0.0,11.0,0.0,0.0,0.94,1.0
Scoville Jenkins,0.0,0.0,7.4,0.0,8.2,0.0,0.0,0.0,0.0,0.0,16.0,0.0,0.0,10.0,0.0,0.0,0.616,6.0
Sebastian Baez,0.0,0.0,5.666666666666667,0.0,3.6666666666666665,0.0,0.0,0.0,0.0,0.0,22.666666666666668,0.0,0.0,20.0,0.0,0.0,0.9366666666666665,6.0
Sebastian Korda,0.0,0.0,8.6,0.0,4.8,0.0,0.0,0.0,0.0,0.0,13.2,0.0,0.0,12.6,0.0,0.0,0.9039999999999999,7.0
Sebastian Ofner,0.0,0.0,18.0,0.0,8.5,0.0,0.0,0.0,0.0,0.0,13.5,0.0,0.0,8.0,0.0,0.0,0.835,3.0
Sebastien De Chaunac,0.0,0.0,2.0,0.0,2.0,0.0,0.0,0.0,0.0,0.0,9.0,0.0,0.0,2.0,0.0,0.0,0.54,1.0
Sebastien Grosjean,0.0,0.0,20.444444444444443,0.0,6.222222222222222,0.0,0.0,0.0,0.0,0.0,17.666666666666668,0.0,0.0,21.22222222222222,0.0,0.0,1.0599999999999998,18.0
Sebastien Lareau,0.0,0.0,8.0,0.0,2.0,0.0,0.0,0.0,0.0,0.0,7.0,0.0,0.0,3.0,0.0,0.0,0.67,1.0
Sergei Bubka,0.0,0.0,29.0,0.0,3.0,0.0,0.0,0.0,0.0,0.0,10.0,0.0,0.0,11.0,0.0,0.0,1.08,2.0
Sergi Bruguera,0.0,0.0,21.0,0.0,14.0,0.0,0.0,0.0,0.0,0.0,15.0,0.0,0.0,11.0,0.0,0.0,0.98,1.0
Sergio Roitman,0.0,0.0,3.0,0.0,1.0,0.0,0.0,0.0,0.0,0.0,10.5,0.0,0.0,3.0,0.0,0.0,0.63,2.0
Sergiy Stakhovsky,0.0,0.0,14.5,0.0,8.375,0.0,0.0,0.0,0.0,0.0,19.0,0.0,0.0,16.0,0.0,0.0,0.8512500000000001,13.0
Sho Shimabukuro,0.0,0.0,1.0,0.0,2.0,0.0,0.0,0.0,0.0,0.0,8.0,0.0,0.0,6.0,0.0,0.0,0.66,1.0
Simon Greul,0.0,0.0,6.0,0.0,7.0,0.0,0.0,0.0,0.0,0.0,15.0,0.0,0.0,13.0,0.0,0.0,0.7933333333333333,4.0
Simone Bolelli,0.0,0.0,10.2,0.0,3.6,0.0,0.0,0.0,0.0,0.0,10.8,0.0,0.0,9.2,0.0,0.0,0.8240000000000001,7.0
Sjeng Schalken,0.0,0.0,22.5,0.0,15.0,0.0,0.0,0.0,0.0,0.0,29.25,0.0,0.0,37.75,0.0,0.0,1.135,17.0
Slava Dosedel,0.0,0.0,2.5,0.0,6.0,0.0,0.0,0.0,0.0,0.0,20.0,0.0,0.0,9.0,0.0,0.0,0.735,3.0
Slimane Saoudi,0.0,0.0,5.0,0.0,10.0,0.0,0.0,0.0,0.0,0.0,14.0,0.0,0.0,20.0,0.0,0.0,1.02,1.0
Somdev Devvarman,0.0,0.0,4.6,0.0,4.6,0.0,0.0,0.0,0.0,0.0,16.0,0.0,0.0,16.0,0.0,0.0,0.8559999999999999,7.0
Soon Woo Kwon,0.0,0.0,8.666666666666666,0.0,7.833333333333333,0.0,0.0,0.0,0.0,0.0,11.333333333333334,0.0,0.0,10.333333333333334,0.0,0.0,0.8683333333333333,8.0
Stan Wawrinka,0.0,0.0,43.1764705882353,0.0,15.705882352941176,0.0,0.0,0.0,0.0,0.0,31.88235294117647,0.0,0.0,39.64705882352941,0.0,0.0,1.0694117647058823,63.0
Stefan Koubek,0.0,0.0,10.125,0.0,8.0,0.0,0.0,0.0,0.0,0.0,24.0,0.0,0.0,17.125,0.0,0.0,0.89375,14.0
Stefan Kozlov,0.0,0.0,0.0,0.0,7.0,0.0,0.0,0.0,0.0,0.0,16.0,0.0,0.0,5.0,0.0,0.0,0.53,1.0
Stefano Travaglia,0.0,0.0,9.2,0.0,7.6,0.0,0.0,0.0,0.0,0.0,15.4,0.0,0.0,10.8,0.0,0.0,0.8019999999999999,6.0
Stefanos Tsitsipas,0.0,0.0,25.0,0.0,9.0,0.0,0.0,0.0,0.0,0.0,17.571428571428573,0.0,0.0,19.714285714285715,0.0,0.0,0.9871428571428572,13.0
Stephane Bohli,0.0,0.0,15.0,0.0,3.0,0.0,0.0,0.0,0.0,0.0,11.0,0.0,0.0,4.0,0.0,0.0,0.79,1.0
Stephane Huet,0.0,0.0,5.0,0.0,3.0,0.0,0.0,0.0,0.0,0.0,17.0,0.0,0.0,6.0,0.0,0.0,0.64,1.0
Stephane Robert,0.0,0.0,6.0,0.0,6.666666666666667,0.0,0.0,0.0,0.0,0.0,12.0,0.0,0.0,13.0,0.0,0.0,0.8566666666666666,4.0
Steve Darcis,0.0,0.0,9.6,0.0,7.1,0.0,0.0,0.0,0.0,0.0,17.4,0.0,0.0,13.4,0.0,0.0,0.873,15.0
Steve Johnson,0.0,0.0,19.46153846153846,0.0,8.384615384615385,0.0,0.0,0.0,0.0,0.0,14.384615384615385,0.0,0.0,10.538461538461538,0.0,0.0,0.8192307692307692,20.0
Sumit Nagal,0.0,0.0,1.3333333333333333,0.0,6.0,0.0,0.0,0.0,0.0,0.0,13.666666666666666,0.0,0.0,13.666666666666666,0.0,0.0,0.8266666666666667,4.0
Takao Suzuki,0.0,0.0,13.0,0.0,6.0,0.0,0.0,0.0,0.0,0.0,12.0,0.0,0.0,13.0,0.0,0.0,0.91,1.0
Tallon Griekspoor,0.0,0.0,18.25,0.0,9.75,0.0,0.0,0.0,0.0,0.0,15.0,0.0,0.0,13.75,0.0,0.0,0.9375,7.0
Taro Daniel,0.0,0.0,5.75,0.0,6.75,0.0,0.0,0.0,0.0,0.0,12.5,0.0,0.0,7.5,0.0,0.0,0.72625,9.0
Tatsuma Ito,0.0,0.0,6.333333333333333,0.0,10.0,0.0,0.0,0.0,0.0,0.0,16.666666666666668,0.0,0.0,8.333333333333334,0.0,0.0,0.7366666666666667,4.0
Taylor Dent,0.0,0.0,26.75,0.0,20.625,0.0,0.0,0.0,0.0,0.0,21.125,0.0,0.0,19.875,0.0,0.0,0.955,18.0
Taylor Fritz,0.0,0.0,34.44444444444444,0.0,11.88888888888889,0.0,0.0,0.0,0.0,0.0,24.0,0.0,0.0,29.555555555555557,0.0,0.0,1.08,25.0
Tennys Sandgren,0.0,0.0,15.4,0.0,6.0,0.0,0.0,0.0,0.0,0.0,14.8,0.0,0.0,12.2,0.0,0.0,0.82,8.0
Teymuraz Gabashvili,0.0,0.0,11.666666666666666,0.0,11.555555555555555,0.0,0.0,0.0,0.0,0.0,18.77777777777778,0.0,0.0,13.777777777777779,0.0,0.0,0.8455555555555556,14.0
Thai Son Kwiatkowski,0.0,0.0,8.0,0.0,7.0,0.0,0.0,0.0,0.0,0.0,9.0,0.0,0.0,8.0,0.0,0.0,0.835,2.0
Thanasi Kokkinakis,0.0,0.0,17.333333333333332,0.0,7.5,0.0,0.0,0.0,0.0,0.0,14.0,0.0,0.0,7.5,0.0,0.0,0.7983333333333333,8.0
Thiago Alves,0.0,0.0,7.0,0.0,5.333333333333333,0.0,0.0,0.0,0.0,0.0,18.666666666666668,0.0,0.0,12.666666666666666,0.0,0.0,0.8300000000000001,5.0
Thiago Monteiro,0.0,0.0,10.166666666666666,0.0,4.5,0.0,0.0,0.0,0.0,0.0,15.833333333333334,0.0,0.0,5.833333333333333,0.0,0.0,0.7999999999999999,7.0
Thiago Seyboth Wild,0.0,0.0,5.5,0.0,6.0,0.0,0.0,0.0,0.0,0.0,8.0,0.0,0.0,2.0,0.0,0.0,0.55,2.0
Thiemo De Bakker,0.0,0.0,18.0,0.0,5.666666666666667,0.0,0.0,0.0,0.0,0.0,14.0,0.0,0.0,15.666666666666666,0.0,0.0,0.8433333333333334,5.0
Thierry Ascione,0.0,0.0,3.0,0.0,6.5,0.0,0.0,0.0,0.0,0.0,8.0,0.0,0.0,2.5,0.0,0.0,0.535,2.0
Thierry Guardiola,0.0,0.0,4.0,0.0,5.0,0.0,0.0,0.0,0.0,0.0,14.0,0.0,0.0,11.0,0.0,0.0,0.84,1.0
Thomas Enqvist,0.0,0.0,22.6,0.0,17.4,0.0,0.0,0.0,0.0,0.0,20.6,0.0,0.0,25.2,0.0,0.0,1.0539999999999998,12.0
Thomas Fabbiano,0.0,0.0,5.0,0.0,10.0,0.0,0.0,0.0,0.0,0.0,21.5,0.0,0.0,17.0,0.0,0.0,0.875,7.0
Thomas Johansson,0.0,0.0,32.0,0.0,10.714285714285714,0.0,0.0,0.0,0.0,0.0,21.428571428571427,0.0,0.0,23.714285714285715,0.0,0.0,1.05,19.0
Thomaz Bellucci,0.0,0.0,14.5,0.0,8.2,0.0,0.0,0.0,0.0,0.0,16.3,0.0,0.0,13.3,0.0,0.0,0.916,16.0
Tim Henman,0.0,0.0,19.625,0.0,15.125,0.0,0.0,0.0,0.0,0.0,21.0,0.0,0.0,26.125,0.0,0.0,0.96,21.0
Tim Smyczek,0.0,0.0,14.0,0.0,6.714285714285714,0.0,0.0,0.0,0.0,0.0,15.571428571428571,0.0,0.0,13.0,0.0,0.0,0.8014285714285715,11.0
Tim Van Rijthoven,0.0,0.0,46.0,0.0,22.0,0.0,0.0,0.0,0.0,0.0,21.0,0.0,0.0,21.0,0.0,0.0,0.92,2.0
Timofey Skatov,0.0,0.0,2.5,0.0,5.0,0.0,0.0,0.0,0.0,0.0,11.5,0.0,0.0,5.0,0.0,0.0,0.75,2.0
Titouan Droguet,0.0,0.0,22.0,0.0,10.0,0.0,0.0,0.0,0.0,0.0,22.0,0.0,0.0,24.0,0.0,0.0,0.95,2.0
Tobias Kamke,0.0,0.0,2.8333333333333335,0.0,8.5,0.0,0.0,0.0,0.0,0.0,15.0,0.0,0.0,11.166666666666666,0.0,0.0,0.7883333333333332,7.0
Tobias Summerer,0.0,0.0,9.0,0.0,9.0,0.0,0.0,0.0,0.0,0.0,11.0,0.0,0.0,4.0,0.0,0.0,0.78,1.0
Todd Martin,0.0,0.0,39.8,0.0,15.6,0.0,0.0,0.0,0.0,0.0,20.4,0.0,0.0,30.2,0.0,0.0,1.04,14.0
Tomas Behrend,0.0,0.0,4.5,0.0,6.5,0.0,0.0,0.0,0.0,0.0,20.5,0.0,0.0,7.5,0.0,0.0,0.62,2.0
Tomas Berdych,0.0,0.0,31.933333333333334,0.0,10.466666666666667,0.0,0.0,0.0,0.0,0.0,25.333333333333332,0.0,0.0,30.266666666666666,0.0,0.0,1.1153333333333333,47.0
Tomas Machac,0.0,0.0,18.0,0.0,12.5,0.0,0.0,0.0,0.0,0.0,20.0,0.0,0.0,21.0,0.0,0.0,1.09,5.0
Tomas Martin Etcheverry,0.0,0.0,24.0,0.0,5.0,0.0,0.0,0.0,0.0,0.0,16.333333333333332,0.0,0.0,23.333333333333332,0.0,0.0,0.96,6.0
Tomas Zib,0.0,0.0,8.0,0.0,5.666666666666667,0.0,0.0,0.0,0.0,0.0,17.333333333333332,0.0,0.0,12.0,0.0,0.0,0.7533333333333333,3.0
Tommy Haas,0.0,0.0,35.53846153846154,0.0,17.307692307692307,0.0,0.0,0.0,0.0,0.0,29.53846153846154,0.0,0.0,35.15384615384615,0.0,0.0,1.1123076923076924,41.0
Tommy Paul,0.0,0.0,15.571428571428571,0.0,10.0,0.0,0.0,0.0,0.0,0.0,23.571428571428573,0.0,0.0,24.142857142857142,0.0,0.0,0.9171428571428571,15.0
Tommy Robredo,0.0,0.0,20.466666666666665,0.0,13.333333333333334,0.0,0.0,0.0,0.0,0.0,30.4,0.0,0.0,30.133333333333333,0.0,0.0,1.0106666666666666,50.0
Tristan Schoolkate,0.0,0.0,33.0,0.0,19.0,0.0,0.0,0.0,0.0,0.0,21.0,0.0,0.0,26.0,0.0,0.0,1.04,2.0
Tuomas Ketola,0.0,0.0,9.0,0.0,9.0,0.0,0.0,0.0,0.0,0.0,17.0,0.0,0.0,14.5,0.0,0.0,0.755,3.0
Ugo Humbert,0.0,0.0,14.0,0.0,7.714285714285714,0.0,0.0,0.0,0.0,0.0,11.142857142857142,0.0,0.0,14.714285714285714,0.0,0.0,0.9042857142857142,10.0
Ulises Blanch,0.0,0.0,13.0,0.0,5.0,0.0,0.0,0.0,0.0,0.0,16.0,0.0,0.0,9.0,0.0,0.0,0.83,1.0
Vaclav Safranek,0.0,0.0,4.0,0.0,6.0,0.0,0.0,0.0,0.0,0.0,15.0,0.0,0.0,4.0,0.0,0.0,0.57,1.0
Vasek Pospisil,0.0,0.0,26.5,0.0,11.8,0.0,0.0,0.0,0.0,0.0,17.0,0.0,0.0,13.0,0.0,0.0,0.893,18.0
Victor Crivoi,0.0,0.0,5.0,0.0,8.0,0.0,0.0,0.0,0.0,0.0,14.0,0.0,0.0,3.0,0.0,0.0,0.55,1.0
Victor Estrella,0.0,0.0,8.333333333333334,0.0,7.666666666666667,0.0,0.0,0.0,0.0,0.0,15.666666666666666,0.0,0.0,12.0,0.0,0.0,0.68,5.0
Victor Hanescu,0.0,0.0,8.625,0.0,5.5,0.0,0.0,0.0,0.0,0.0,13.125,0.0,0.0,7.0,0.0,0.0,0.85875,10.0
Viktor Troicki,0.0,0.0,21.555555555555557,0.0,8.222222222222221,0.0,0.0,0.0,0.0,0.0,23.22222222222222,0.0,0.0,18.77777777777778,0.0,0.0,0.9288888888888889,17.0
Vincent Millot,0.0,0.0,5.0,0.0,7.0,0.0,0.0,0.0,0.0,0.0,26.0,0.0,0.0,12.0,0.0,0.0,0.77,1.0
Vincent Spadea,0.0,0.0,8.75,0.0,8.625,0.0,0.0,0.0,0.0,0.0,19.75,0.0,0.0,12.75,0.0,0.0,0.88625,13.0
Vladimir Voltchkov,0.0,0.0,17.0,0.0,16.0,0.0,0.0,0.0,0.0,0.0,13.0,0.0,0.0,9.0,0.0,0.0,0.71,3.0
Wayne Arthurs,0.0,0.0,32.333333333333336,0.0,10.0,0.0,0.0,0.0,0.0,0.0,15.166666666666666,0.0,0.0,6.5,0.0,0.0,0.73,9.0
Wayne Black,0.0,0.0,4.0,0.0,2.0,0.0,0.0,0.0,0.0,0.0,14.0,0.0,0.0,1.0,0.0,0.0,0.43,1.0
Wayne Ferreira,0.0,0.0,25.2,0.0,8.2,0.0,0.0,0.0,0.0,0.0,18.8,0.0,0.0,19.4,0.0,0.0,0.9720000000000001,10.0
Wayne Odesnik,0.0,0.0,11.166666666666666,0.0,5.666666666666667,0.0,0.0,0.0,0.0,0.0,17.166666666666668,0.0,0.0,12.5,0.0,0.0,0.8483333333333333,8.0
Werner Eschauer,0.0,0.0,16.5,0.0,7.5,0.0,0.0,0.0,0.0,0.0,8.0,0.0,0.0,8.5,0.0,0.0,0.885,2.0
Wesley Moodie,0.0,0.0,32.0,0.0,11.0,0.0,0.0,0.0,0.0,0.0,13.666666666666666,0.0,0.0,15.333333333333334,0.0,0.0,0.9233333333333333,6.0
Xavier Malisse,0.0,0.0,25.416666666666668,0.0,8.416666666666666,0.0,0.0,0.0,0.0,0.0,20.333333333333332,0.0,0.0,23.25,0.0,0.0,1.0091666666666665,27.0
Yannick Hanfmann,0.0,0.0,7.333333333333333,0.0,4.333333333333333,0.0,0.0,0.0,0.0,0.0,13.333333333333334,0.0,0.0,8.333333333333334,0.0,0.0,0.7599999999999999,3.0
Yannick Maden,0.0,0.0,2.0,0.0,1.0,0.0,0.0,0.0,0.0,0.0,11.0,0.0,0.0,5.0,0.0,0.0,0.81,1.0
Yasutaka Uchiyama,0.0,0.0,14.0,0.0,5.0,0.0,0.0,0.0,0.0,0.0,16.0,0.0,0.0,12.0,0.0,0.0,0.99,1.0
Yen Hsun Lu,0.0,0.0,8.181818181818182,0.0,8.0,0.0,0.0,0.0,0.0,0.0,13.272727272727273,0.0,0.0,9.818181818181818,0.0,0.0,0.7763636363636365,14.0
Yevgeny Kafelnikov,0.0,0.0,30.25,0.0,23.5,0.0,0.0,0.0,0.0,0.0,41.25,0.0,0.0,39.5,0.0,0.0,1.0350000000000001,14.0
Yibing Wu,0.0,0.0,13.5,0.0,12.5,0.0,0.0,0.0,0.0,0.0,27.0,0.0,0.0,22.5,0.0,0.0,0.95,5.0
Yoshihito Nishioka,0.0,0.0,4.5,0.0,4.4,0.0,0.0,0.0,0.0,0.0,14.7,0.0,0.0,10.1,0.0,0.0,0.76,12.0
Yosuke Watanuki,0.0,0.0,16.0,0.0,8.0,0.0,0.0,0.0,0.0,0.0,12.0,0.0,0.0,6.0,0.0,0.0,0.8,1.0
Younes El Aynaoui,0.0,0.0,27.0,0.0,7.833333333333333,0.0,0.0,0.0,0.0,0.0,23.333333333333332,0.0,0.0,18.666666666666668,0.0,0.0,0.7516666666666666,14.0
Yu Hsiou Hsu,0.0,0.0,12.0,0.0,5.0,0.0,0.0,0.0,0.0,0.0,20.0,0.0,0.0,31.0,0.0,0.0,1.08,2.0
Yuichi Sugita,0.0,0.0,6.0,0.0,4.75,0.0,0.0,0.0,0.0,0.0,14.0,0.0,0.0,8.75,0.0,0.0,0.73,5.0
Yuki Bhambri,0.0,0.0,0.0,0.0,6.0,0.0,0.0,0.0,0.0,0.0,14.0,0.0,0.0,10.0,0.0,0.0,0.81,1.0
Zachary Svajda,0.0,0.0,6.0,0.0,4.5,0.0,0.0,0.0,0.0,0.0,16.75,0.0,0.0,12.75,0.0,0.0,0.8624999999999999,5.0
Zhizhen Zhang,0.0,0.0,22.0,0.0,6.0,0.0,0.0,0.0,0.0,0.0,23.0,0.0,0.0,21.0,0.0,0.0,0.8066666666666666,5.0
Zizou Bergs,0.0,0.0,23.0,0.0,18.0,0.0,0.0,0.0,0.0,0.0,24.0,0.0,0.0,27.0,0.0,0.0,1.03,2.0
